ID,Year,Month,Day,Time(UTC),Lat,Lon,Area(km^2),Volcano,Level,Reliability,FRP(Wm^-2),QF,Hot(ID)
1,2026,10,5,1149,55.18,106.5,2.83,0,2,3,1.01,0,6
2,2026,10,5,1149,55.18,106.52,2.83,0,2,3,1.01,0,6
3,2026,10,5,1149,55.18,106.54,2.83,0,2,3,1.02,0,6
4,2026,10,5,1149,55.16,106.52,2.83,0,2,3,1.02,0,6
5,2026,10,5,1149,55.16,106.54,2.83,0,2,3,1.02,0,6
6,2026,10,5,1149,55.16,106.56,2.83,0,2,3,1.02,0,6
7,2026,10,5,1149,52.86,111.84,2.99,0,2,1,0.45,0,7
8,2026,10,5,1149,51.58,128.14,3.08,0,2,3,2.6,0,8
9,2026,10,5,1149,51.56,128.14,3.08,0,2,3,2.6,0,8
10,2026,10,5,1149,51.56,128.16,3.08,0,2,3,2.6,0,8
11,2026,10,5,1149,51.54,128.14,3.08,0,3,3,2.52,0,8
12,2026,10,5,1149,51.54,128.16,3.08,0,3,3,2.52,0,8
13,2026,10,5,1149,51.54,128.2,3.08,0,3,1,1.23,0,8
14,2026,10,5,1149,51.52,128.16,3.08,0,3,5,2.52,0,8
15,2026,10,5,1149,51.52,128.18,3.08,0,3,1,1.23,0,8
16,2026,10,5,1149,51.52,128.2,3.08,0,3,3,1.23,0,8
17,2026,10,5,1149,47.68,127.16,3.34,0,2,1,0.9,0,18
18,2026,10,5,1149,47.66,127.16,3.34,0,2,1,0.9,0,18
19,2026,10,5,1149,45.78,115.72,3.46,0,2,3,1.68,0,20
20,2026,10,5,1149,45.76,115.72,3.46,0,2,3,1.68,0,20
21,2026,10,5,1149,45.76,115.74,3.46,0,2,3,1.68,0,20
22,2026,10,5,1149,44.98,125.08,3.51,0,2,1,2.31,0,23
23,2026,10,5,1149,44.96,125.08,3.51,0,2,1,2.31,0,23
24,2026,10,5,1149,44.96,125.1,3.51,0,2,1,2.31,0,23
25,2026,10,5,1149,44.24,123.36,3.55,0,2,3,1.62,0,25
26,2026,10,5,1149,44.04,124.92,3.56,0,2,1,1.25,0,26
27,2026,10,5,1149,44.04,124.94,3.56,0,2,1,1.25,0,26
28,2026,10,5,1149,43.7,94.98,3.58,0,2,1,1.77,0,30
29,2026,10,5,1149,43.7,95.0,3.58,0,2,1,1.77,0,30
30,2026,10,5,1149,43.68,95.0,3.58,0,2,1,1.77,0,30
31,2026,10,5,1149,43.26,116.52,3.61,0,2,1,2.16,0,31
32,2026,10,5,1149,43.2,124.34,3.61,0,2,1,2.23,0,32
33,2026,10,5,1149,42.76,123.28,3.64,0,2,1,0.97,0,33
34,2026,10,5,1149,42.74,123.28,3.64,0,2,1,0.97,0,33
35,2026,10,5,1149,42.72,119.68,3.64,0,1,1,6.21,0,35
36,2026,10,5,1149,42.72,119.7,3.64,0,1,1,3.86,0,35
37,2026,10,5,1149,42.72,119.72,3.64,0,1,1,3.86,0,35
38,2026,10,5,1149,42.7,119.68,3.64,0,1,1,6.21,0,35
39,2026,10,5,1149,42.7,119.7,3.64,0,1,1,6.21,0,35
40,2026,10,5,1149,42.7,119.72,3.64,0,1,1,3.86,0,35
41,2026,10,5,1149,42.7,142.44,3.64,0,1,1,7.46,0,41
42,2026,10,5,1149,42.7,142.46,3.64,0,1,1,7.46,0,41
43,2026,10,5,1149,42.68,142.44,3.64,0,1,3,7.46,0,41
44,2026,10,5,1149,42.68,142.46,3.64,0,1,3,7.46,0,41
45,2026,10,5,1149,42.52,124.22,3.65,0,2,1,1.24,0,45
46,2026,10,5,1149,42.26,124.0,3.67,0,2,3,2.31,0,46
47,2026,10,5,1149,42.26,125.34,3.67,0,2,3,1.79,0,47
48,2026,10,5,1149,42.24,124.0,3.67,0,2,3,2.31,0,46
49,2026,10,5,1149,42.24,124.02,3.67,0,2,3,2.31,0,46
50,2026,10,5,1149,41.84,119.28,3.69,0,2,1,2.28,0,50
51,2026,10,5,1149,41.7,120.98,3.7,0,2,1,3.75,0,51
52,2026,10,5,1149,41.7,121.0,3.7,0,2,1,3.75,0,51
53,2026,10,5,1149,41.16,122.98,3.73,0,2,1,1.23,0,54
54,2026,10,5,1149,41.14,122.98,3.73,0,2,1,2.38,0,54
55,2026,10,5,1149,41.12,122.98,3.73,0,2,1,2.38,0,54
56,2026,10,5,1149,41.12,123.0,3.73,0,2,1,2.38,0,54
57,2026,10,5,1149,40.7,129.24,3.76,0,2,3,3.63,0,57
58,2026,10,5,1149,40.48,125.82,3.77,0,2,3,2.22,0,58
59,2026,10,5,1149,40.46,125.82,3.77,0,2,3,2.22,0,58
60,2026,10,5,1149,40.08,124.72,3.79,0,2,3,2.58,0,60
61,2026,10,5,1149,40.06,124.72,3.79,0,2,3,2.58,0,60
62,2026,10,5,1149,39.96,118.56,3.8,0,1,1,5.49,0,62
63,2026,10,5,1149,39.94,123.08,3.8,0,2,3,1.95,0,63
64,2026,10,5,1149,39.94,123.1,3.8,0,2,3,1.95,0,63
65,2026,10,5,1149,39.6,118.48,3.82,0,1,3,4.02,0,65
66,2026,10,5,1154,39.44,109.34,3.83,0,2,3,1.71,0,66
67,2026,10,5,1149,39.26,127.38,3.84,0,1,1,6.58,0,67
68,2026,10,5,1149,39.24,127.38,3.84,0,1,3,6.58,0,67
69,2026,10,5,1154,39.22,108.98,3.84,0,2,1,1.97,0,69
70,2026,10,5,1154,39.1,109.46,3.85,0,2,3,2.28,0,71
71,2026,10,5,1154,39.1,109.48,3.85,0,2,3,2.28,0,71
72,2026,10,5,1154,39.1,109.86,3.85,0,1,1,4.97,0,74
73,2026,10,5,1154,39.1,109.88,3.85,0,1,1,6.26,0,74
74,2026,10,5,1154,39.1,109.9,3.85,0,1,1,6.26,0,74
75,2026,10,5,1154,38.92,106.66,3.86,0,2,3,1.2,0,75
76,2026,10,5,1154,38.92,106.68,3.86,0,2,3,1.2,0,75
77,2026,10,5,1154,38.9,106.56,3.86,0,2,3,1.13,0,77
78,2026,10,5,1154,38.62,108.8,3.87,0,2,3,1.81,0,80
79,2026,10,5,1154,38.62,108.82,3.87,0,2,3,1.81,0,80
80,2026,10,5,1154,38.6,108.82,3.87,0,2,3,1.81,0,80
81,2026,10,5,1154,38.2,106.66,3.9,0,2,1,1.32,0,81
82,2026,10,5,1154,38.0,106.18,3.91,0,2,3,1.66,0,83
83,2026,10,5,1154,38.0,106.2,3.91,0,2,3,1.66,0,83
84,2026,10,5,1154,37.94,112.52,3.91,0,1,1,6.26,0,84
85,2026,10,5,1154,37.74,115.66,3.92,0,2,1,2.87,0,85
86,2026,10,5,1154,37.74,115.68,3.92,0,2,1,2.53,0,85
87,2026,10,5,1154,37.64,114.9,3.92,0,1,3,4.17,0,87
88,2026,10,5,1154,37.64,114.92,3.92,0,1,3,4.17,0,87
89,2026,10,5,1154,37.62,108.78,3.93,0,2,3,2.28,0,89
90,2026,10,5,1154,37.58,101.18,3.93,0,2,3,3.04,0,95
91,2026,10,5,1154,37.58,101.2,3.93,0,2,3,3.04,0,95
92,2026,10,5,1154,37.58,112.24,3.93,0,1,3,4.37,0,92
93,2026,10,5,1154,37.56,91.16,3.93,0,2,1,1.19,0,94
94,2026,10,5,1154,37.56,91.18,3.93,0,2,1,1.19,0,94
95,2026,10,5,1154,37.56,101.2,3.93,0,2,3,3.04,0,95
96,2026,10,5,1154,37.5,92.66,3.93,0,2,1,3.54,0,100
97,2026,10,5,1154,37.5,92.68,3.93,0,2,1,3.54,0,100
98,2026,10,5,1154,37.5,92.7,3.93,0,2,1,3.54,0,100
99,2026,10,5,1154,37.5,92.72,3.93,0,2,1,2.07,0,100
100,2026,10,5,1154,37.48,92.7,3.93,0,2,1,3.55,0,100
101,2026,10,5,1154,37.48,92.76,3.93,0,2,1,1.76,0,101
102,2026,10,5,1154,37.48,117.5,3.93,0,2,3,2.16,0,102
103,2026,10,5,1154,37.44,112.54,3.94,0,2,3,1.89,0,103
104,2026,10,5,1154,37.44,116.28,3.94,0,2,1,2.61,0,104
105,2026,10,5,1154,37.44,116.3,3.94,0,2,1,2.61,0,104
106,2026,10,5,1154,37.16,111.76,3.95,0,2,3,2.05,0,106
107,2026,10,5,1154,37.14,111.78,3.95,0,2,3,1.32,0,107
108,2026,10,5,1154,37.0,115.28,3.96,0,2,3,1.7,0,108
109,2026,10,5,1154,37.0,115.3,3.96,0,2,3,1.7,0,108
110,2026,10,5,1154,36.96,120.44,3.96,0,1,1,8.61,0,110
111,2026,10,5,1154,36.94,116.64,3.96,0,1,1,4.39,0,111
112,2026,10,5,1154,36.94,116.66,3.96,0,1,1,4.39,0,111
113,2026,10,5,1154,36.92,116.66,3.96,0,1,1,4.39,0,111
114,2026,10,5,1154,36.9,115.48,3.96,0,2,1,2.17,0,114
115,2026,10,5,1154,36.86,119.4,3.97,0,2,1,2.4,0,115
116,2026,10,5,1154,36.86,120.14,3.97,0,2,1,2.07,0,116
117,2026,10,5,1154,36.8,115.18,3.97,0,2,3,1.33,0,117
118,2026,10,5,1154,36.78,119.96,3.97,0,2,1,1.1,0,118
119,2026,10,5,1154,36.78,119.98,3.97,0,2,1,1.1,0,118
120,2026,10,5,1154,36.74,114.1,3.97,0,2,1,2.53,0,120
121,2026,10,5,1154,36.62,137.02,3.98,0,2,1,2.2,0,123
122,2026,10,5,1154,36.62,137.04,3.98,0,2,1,2.2,0,123
123,2026,10,5,1154,36.62,137.06,3.98,0,2,3,2.86,0,123
124,2026,10,5,1154,36.6,137.06,3.98,0,2,3,2.86,0,123
125,2026,10,5,1154,36.54,115.28,3.98,0,2,1,1.97,0,125
126,2026,10,5,1154,36.38,119.76,3.99,0,2,1,2.49,0,126
127,2026,10,5,1154,36.36,114.58,3.99,0,2,3,2.78,0,127
128,2026,10,5,1154,36.36,120.22,3.99,0,1,1,4.71,0,128
129,2026,10,5,1154,36.34,114.58,3.99,0,2,3,2.78,0,127
130,2026,10,5,1154,36.34,114.6,3.99,0,2,3,2.78,0,127
131,2026,10,5,1154,36.16,92.66,4.0,0,2,1,1.76,0,135
132,2026,10,5,1154,36.16,92.68,4.0,0,2,1,1.76,0,135
133,2026,10,5,1154,36.14,92.68,4.0,0,2,3,1.76,0,135
134,2026,10,5,1154,36.14,92.7,4.0,0,2,1,1.76,0,135
135,2026,10,5,1154,36.14,92.72,4.0,0,2,3,1.76,0,135
136,2026,10,5,1154,36.1,117.82,4.0,0,2,1,3.84,0,136
137,2026,10,5,1154,36.08,117.82,4.01,0,2,1,3.84,0,136
138,2026,10,5,1154,36.08,117.84,4.01,0,2,1,3.84,0,136
139,2026,10,5,1154,35.8,118.62,4.02,0,2,1,1.76,0,139
140,2026,10,5,1154,35.6,115.94,4.03,0,2,3,3.93,0,140
141,2026,10,5,1154,35.6,115.96,4.03,0,2,3,3.91,0,140
142,2026,10,5,1154,35.4,116.04,4.04,0,1,3,4.06,0,142
143,2026,10,5,1154,35.4,116.06,4.04,0,1,3,4.06,0,142
144,2026,10,5,1154,35.4,116.08,4.04,0,1,3,3.88,0,142
145,2026,10,5,1154,35.36,99.08,4.04,0,2,1,2.92,0,145
146,2026,10,5,1154,35.34,99.1,4.04,0,1,1,4.05,0,146
147,2026,10,5,1154,35.34,99.12,4.04,0,2,3,3.7,0,146
148,2026,10,5,1154,35.34,99.14,4.04,0,2,3,3.7,0,146
149,2026,10,5,1154,35.32,99.1,4.04,0,2,3,3.09,0,146
150,2026,10,5,1154,35.32,99.12,4.04,0,2,3,3.1,0,146
151,2026,10,5,1154,35.08,116.32,4.06,0,2,3,1.93,0,151
152,2026,10,5,1154,34.8,118.82,4.07,0,1,1,6.09,0,152
153,2026,10,5,1154,34.8,118.84,4.07,0,1,3,5.05,0,152
154,2026,10,5,1154,34.78,118.8,4.07,0,1,1,4.79,0,152
155,2026,10,5,1154,34.78,118.82,4.07,0,1,1,5.9,0,152
156,2026,10,5,1154,34.78,118.84,4.07,0,2,1,3.72,0,152
157,2026,10,5,1154,34.78,118.86,4.07,0,2,3,3.72,0,152
158,2026,10,5,1154,34.76,118.82,4.07,0,1,1,5.9,0,152
159,2026,10,5,1154,34.76,118.84,4.07,0,1,1,5.9,0,152
160,2026,10,5,1154,34.76,118.86,4.07,0,2,3,3.72,0,152
161,2026,10,5,1154,34.7,116.58,4.08,0,1,1,3.72,0,161
162,2026,10,5,1154,34.7,116.6,4.08,0,1,1,3.72,0,161
163,2026,10,5,1154,34.64,92.36,4.08,0,1,3,3.74,0,166
164,2026,10,5,1154,34.64,92.38,4.08,0,1,1,3.74,0,166
165,2026,10,5,1154,34.62,92.38,4.08,0,1,1,3.74,0,166
166,2026,10,5,1154,34.62,92.4,4.08,0,1,1,3.74,0,166
167,2026,10,5,1154,34.58,117.72,4.08,0,2,3,2.5,0,167
168,2026,10,5,1154,34.58,117.74,4.08,0,2,3,2.5,0,167
169,2026,10,5,1154,34.54,118.74,4.08,0,2,3,2.55,0,169
170,2026,10,5,1154,34.54,118.76,4.08,0,2,1,2.55,0,169
171,2026,10,5,1154,34.52,118.76,4.08,0,2,1,2.55,0,169
172,2026,10,5,1154,34.38,91.48,4.09,0,2,1,1.59,0,172
173,2026,10,5,1154,34.2,116.16,4.1,0,2,3,1.71,0,173
174,2026,10,5,1154,34.16,90.14,4.1,0,2,3,1.81,0,174
175,2026,10,5,1154,34.14,118.78,4.1,0,1,3,2.68,0,175
176,2026,10,5,1154,34.12,118.78,4.1,0,1,1,2.42,0,175
177,2026,10,5,1154,34.1,118.8,4.1,0,2,1,1.97,0,177
178,2026,10,5,1154,34.06,89.8,4.11,0,2,3,2.23,0,181
179,2026,10,5,1154,34.06,89.82,4.11,0,2,3,2.24,0,181
180,2026,10,5,1154,34.06,89.84,4.11,0,2,1,3.4,0,181
181,2026,10,5,1154,34.06,89.86,4.11,0,2,1,3.4,0,181
182,2026,10,5,1154,33.92,88.16,4.11,0,1,1,3.77,0,184
183,2026,10,5,1154,33.92,88.18,4.11,0,1,1,3.77,0,184
184,2026,10,5,1154,33.92,88.2,4.11,0,1,1,3.77,0,184
185,2026,10,5,1154,33.54,117.54,4.13,0,1,1,4.15,0,185
186,2026,10,5,1154,33.48,88.62,4.13,0,2,1,2.23,0,186
187,2026,10,5,1154,33.46,118.22,4.14,0,2,3,3.46,0,187
188,2026,10,5,1154,33.26,88.24,4.14,0,2,1,2.45,0,192
189,2026,10,5,1154,33.26,88.26,4.14,0,2,3,2.45,0,192
190,2026,10,5,1154,33.26,88.28,4.14,0,2,3,2.45,0,192
191,2026,10,5,1154,33.24,88.28,4.15,0,2,3,2.45,0,192
192,2026,10,5,1154,33.24,88.3,4.15,0,2,3,2.45,0,192
193,2026,10,5,1154,33.14,87.56,4.15,0,2,1,1.68,0,193
194,2026,10,5,1154,32.76,89.48,4.17,0,2,3,2.9,0,197
195,2026,10,5,1154,32.76,89.5,4.17,0,1,3,3.06,0,195
196,2026,10,5,1154,32.74,89.46,4.17,0,1,1,3.37,0,197
197,2026,10,5,1154,32.74,89.48,4.17,0,1,1,3.39,0,197
198,2026,10,5,1154,32.6,116.6,4.18,0,1,1,3.79,0,198
199,2026,10,5,1154,32.46,88.0,4.18,0,2,1,1.45,0,199
200,2026,10,5,1154,32.38,89.36,4.19,0,2,1,1.01,0,200
201,2026,10,5,1154,32.36,88.56,4.19,0,2,1,1.31,0,204
202,2026,10,5,1154,32.36,88.58,4.19,0,2,1,1.31,0,204
203,2026,10,5,1154,32.34,88.58,4.19,0,2,1,1.31,0,204
204,2026,10,5,1154,32.34,88.6,4.19,0,2,1,1.31,0,204
205,2026,10,5,1154,32.34,88.62,4.19,0,2,3,1.2,0,204
206,2026,10,5,1154,32.32,116.66,4.19,0,2,1,3.06,0,208
207,2026,10,5,1154,32.32,116.68,4.19,0,2,3,3.06,0,208
208,2026,10,5,1154,32.32,116.7,4.19,0,1,3,4.59,0,208
209,2026,10,5,1154,32.3,116.68,4.19,0,2,3,3.06,0,208
210,2026,10,5,1154,32.3,116.7,4.19,0,1,3,4.59,0,208
211,2026,10,5,1154,32.2,118.74,4.19,0,1,1,3.58,0,211
212,2026,10,5,1154,32.12,91.38,4.2,0,1,3,3.69,0,213
213,2026,10,5,1154,32.12,91.4,4.2,0,1,3,3.71,0,213
214,2026,10,5,1154,32.1,91.42,4.2,0,2,3,2.79,0,214
215,2026,10,5,1154,31.56,116.06,4.22,0,2,3,3.62,0,215
216,2026,10,5,1154,31.56,116.08,4.22,0,2,3,3.62,0,215
217,2026,10,5,1154,31.54,115.76,4.22,0,1,3,3.59,0,217
218,2026,10,5,1154,31.52,115.76,4.23,0,1,3,3.59,0,217
219,2026,10,5,1154,31.0,117.78,4.25,0,2,3,2.51,0,219
220,2026,10,5,1154,31.0,117.8,4.25,0,2,1,2.51,0,219
221,2026,10,5,1154,30.52,116.18,4.27,0,1,3,4.77,0,222
222,2026,10,5,1154,30.52,116.2,4.27,0,1,3,5.93,0,222
223,2026,10,5,1154,30.5,116.2,4.27,0,1,3,4.22,0,222
224,2026,10,5,1154,30.5,116.22,4.27,0,1,3,4.22,0,222
225,2026,10,5,1154,30.48,88.52,4.27,0,2,1,2.45,0,225
226,2026,10,5,1154,30.48,116.22,4.27,0,1,3,4.22,0,222
227,2026,10,5,1154,30.08,83.3,4.29,0,2,3,2.56,0,231
228,2026,10,5,1154,30.08,83.32,4.29,0,2,3,2.56,0,231
229,2026,10,5,1154,30.08,83.34,4.29,0,2,3,2.56,0,231
230,2026,10,5,1154,30.06,83.32,4.29,0,2,3,2.56,0,231
231,2026,10,5,1154,30.06,83.34,4.29,0,2,3,2.56,0,231
232,2026,10,5,1154,30.06,83.36,4.29,0,2,3,2.52,0,231
233,2026,10,5,1154,29.42,83.46,4.32,0,3,3,2.42,0,233
234,2026,10,5,1154,29.42,83.48,4.32,0,3,1,2.39,0,233
235,2026,10,5,1154,28.88,112.4,4.34,0,2,3,2.19,0,235
236,2026,10,5,1154,28.88,112.42,4.34,0,2,3,2.19,0,235
237,2026,10,5,1154,28.72,118.16,4.35,0,1,3,9.37,0,237
238,2026,10,5,1154,28.72,118.18,4.35,0,2,3,6.38,0,237
239,2026,10,5,1154,28.72,118.2,4.35,0,2,3,6.38,0,237
240,2026,10,5,1154,28.7,118.2,4.35,0,2,3,6.38,0,237
241,2026,10,5,1154,28.6,121.28,4.35,0,1,3,4.73,0,242
242,2026,10,5,1154,28.6,121.3,4.35,0,1,3,6.93,0,242
243,2026,10,5,1154,27.62,120.42,4.39,0,2,3,0.83,0,243
244,2026,10,5,1154,27.58,100.86,4.39,0,2,3,3.48,0,244
245,2026,10,5,1154,27.56,100.84,4.39,0,2,3,3.31,0,245
246,2026,10,5,1154,27.5,114.1,4.4,0,2,1,2.51,0,246
247,2026,10,5,1154,27.06,100.7,4.41,0,2,1,1.07,0,247
248,2026,10,5,1154,26.94,105.74,4.42,0,1,3,3.62,0,248
249,2026,10,5,1154,26.54,104.46,4.43,0,2,3,1.27,0,249
250,2026,10,5,1154,26.54,104.48,4.43,0,2,3,1.27,0,249
251,2026,10,5,1154,26.36,115.28,4.44,0,2,1,1.59,0,251
252,2026,10,5,1154,26.18,90.62,4.45,0,2,1,1.8,0,252
253,2026,10,5,1154,26.02,117.42,4.45,0,2,3,2.1,0,253
254,2026,10,5,1154,26.02,117.44,4.45,0,2,3,2.1,0,253
255,2026,10,5,1154,25.84,114.82,4.46,0,2,3,3.22,0,255
256,2026,10,5,1154,25.68,114.8,4.47,0,2,3,2.27,0,256
257,2026,10,5,1154,25.66,114.76,4.47,0,1,3,4.02,0,257
258,2026,10,5,1154,25.46,106.98,4.48,0,2,3,1.68,0,258
259,2026,10,5,1154,25.46,107.0,4.48,0,2,3,1.68,0,258
260,2026,10,5,1154,25.32,104.92,4.48,0,2,3,1.19,0,260
261,2026,10,5,1154,25.32,104.94,4.48,0,2,3,1.19,0,260
262,2026,10,5,1154,24.78,83.82,4.5,0,2,1,4.42,0,262
263,2026,10,5,1154,24.76,83.84,4.5,0,3,1,3.59,0,263
264,2026,10,5,1154,24.7,114.06,4.5,0,2,3,3.79,0,264
265,2026,10,5,1154,24.68,103.42,4.5,0,2,3,2.94,0,265
266,2026,10,5,1154,24.68,103.44,4.5,0,2,3,2.94,0,265
267,2026,10,5,1154,24.1,117.78,4.52,0,2,3,2.84,0,267
268,2026,10,5,1154,23.78,103.28,4.54,0,2,3,2.87,0,269
269,2026,10,5,1154,23.78,103.3,4.54,0,2,3,2.87,0,269
270,2026,10,5,1154,23.7,103.9,4.54,0,2,1,2.07,0,270
271,2026,10,5,1154,23.7,107.4,4.54,0,2,3,1.96,0,271
272,2026,10,5,1154,23.68,116.06,4.54,0,1,1,2.99,0,272
273,2026,10,5,1154,23.68,116.28,4.54,0,1,3,3.9,0,274
274,2026,10,5,1154,23.66,116.28,4.54,0,1,3,5.77,0,274
275,2026,10,5,1154,23.66,116.3,4.54,0,1,3,5.77,0,274
276,2026,10,5,1154,23.64,103.14,4.54,0,1,3,4.42,0,276
277,2026,10,5,1154,23.64,103.16,4.54,0,1,3,4.42,0,276
278,2026,10,5,1154,23.64,116.28,4.54,0,1,3,4.09,0,274
279,2026,10,5,1154,22.92,102.74,4.57,0,2,3,1.43,0,279
280,2026,10,5,1154,22.04,102.88,4.59,0,1,3,7.87,0,280
281,2026,10,5,1154,22.02,102.88,4.6,0,2,3,4.28,0,280
282,2026,10,5,1154,22.02,102.9,4.6,0,2,3,4.28,0,280
283,2026,10,5,1154,20.84,102.04,4.63,0,1,3,10.41,0,283
284,2026,10,5,1154,20.72,95.42,4.64,0,1,1,7.04,0,284
285,2026,10,5,1154,20.2,103.7,4.65,0,1,3,4.37,0,285
286,2026,10,5,1154,19.62,105.46,4.67,0,2,3,3.33,0,286
287,2026,10,5,1154,18.94,102.78,4.69,0,1,3,18.72,0,287
288,2026,10,5,1154,18.92,102.78,4.69,0,1,1,16.73,0,287
289,2026,10,5,1154,18.9,104.5,4.69,0,2,3,2.96,0,290
290,2026,10,5,1154,18.88,104.5,4.69,0,1,3,4.32,0,290
291,2026,10,5,1154,18.88,104.52,4.69,0,2,3,2.95,0,290
292,2026,10,5,1154,18.88,104.54,4.69,0,2,1,2.95,0,290
293,2026,10,5,1154,16.84,82.18,4.74,0,3,1,4.4,0,294
294,2026,10,5,1154,16.84,82.2,4.74,0,3,1,4.4,0,294
295,2026,10,5,1154,15.6,108.1,4.77,0,2,3,10.85,0,295
296,2026,10,5,1154,14.38,109.0,4.8,0,2,3,3.91,0,296
297,2026,10,5,1154,1.5,128.48,4.95,0,2,3,9.56,0,297
298,2026,10,5,1154,1.36,128.24,4.96,0,2,3,5.27,0,298
299,2026,10,5,1154,0.9,121.46,4.96,0,2,3,5.66,0,301
300,2026,10,5,1154,0.9,121.48,4.96,0,2,3,2.59,0,301
301,2026,10,5,1154,0.88,121.46,4.96,0,1,3,11.84,0,301
302,2026,10,5,1154,0.8,123.54,4.96,0,2,3,3.67,0,302
303,2026,10,5,1154,0.62,128.26,4.96,0,2,1,7.78,0,303
304,2026,10,5,1154,0.4,123.24,4.96,0,2,3,2.6,0,304
305,2026,10,5,1154,0.02,115.84,4.96,0,2,5,11.84,0,305
306,2026,10,5,1154,-1.08,131.98,4.96,0,2,3,8.21,0,306
307,2026,10,5,1154,-1.08,132.0,4.96,0,2,3,6.3,0,306
308,2026,10,5,1154,-1.22,104.16,4.96,0,1,5,70.11,0,308
309,2026,10,5,1154,-1.22,104.18,4.96,0,2,5,45.79,0,308
310,2026,10,5,1154,-1.22,104.2,4.96,0,2,5,45.79,0,308
311,2026,10,5,1154,-1.22,104.22,4.96,0,1,5,35.75,0,308
312,2026,10,5,1154,-1.24,104.16,4.96,0,2,5,10.59,0,308
313,2026,10,5,1154,-1.24,104.18,4.96,0,2,5,26.0,0,308
314,2026,10,5,1154,-1.24,104.2,4.96,0,2,5,26.0,0,308
315,2026,10,5,1154,-1.24,104.22,4.96,0,2,5,7.45,0,308
316,2026,10,5,1154,-1.28,104.16,4.96,0,2,1,3.58,0,316
317,2026,10,5,1154,-1.32,122.98,4.96,0,2,3,2.65,0,317
318,2026,10,5,1154,-1.34,104.08,4.96,0,2,5,11.09,0,319
319,2026,10,5,1154,-1.34,104.1,4.96,0,2,5,21.35,0,319
320,2026,10,5,1154,-1.34,104.12,4.96,0,2,5,21.35,0,319
321,2026,10,5,1154,-1.34,104.14,4.96,0,2,3,6.81,0,319
322,2026,10,5,1154,-1.34,113.72,4.96,0,2,5,5.26,0,322
323,2026,10,5,1154,-1.36,104.1,4.96,0,2,5,6.71,0,319
324,2026,10,5,1154,-1.36,104.12,4.96,0,2,5,6.71,0,319
325,2026,10,5,1154,-1.4,110.26,4.96,0,2,3,9.58,0,326
326,2026,10,5,1154,-1.42,110.26,4.96,0,2,5,17.03,0,326
327,2026,10,5,1154,-1.42,110.28,4.96,0,2,5,7.46,0,326
328,2026,10,5,1154,-1.42,127.52,4.96,0,2,5,10.0,0,328
329,2026,10,5,1154,-1.42,127.54,4.96,0,2,3,8.03,0,328
330,2026,10,5,1154,-1.44,127.54,4.96,0,2,3,4.77,0,328
331,2026,10,5,1154,-1.46,127.44,4.95,0,2,5,8.35,0,331
332,2026,10,5,1154,-1.5,112.58,4.95,0,2,5,6.1,0,333
333,2026,10,5,1154,-1.5,112.6,4.95,0,2,5,7.59,0,333
334,2026,10,5,1154,-1.5,132.2,4.95,0,2,5,8.31,0,334
335,2026,10,5,1154,-1.5,132.22,4.95,0,2,3,4.36,0,334
336,2026,10,5,1154,-1.52,113.68,4.95,0,2,5,10.47,0,336
337,2026,10,5,1154,-1.52,114.66,4.95,0,2,3,8.12,0,337
338,2026,10,5,1154,-1.52,132.2,4.95,0,2,1,3.73,0,334
339,2026,10,5,1154,-1.54,113.68,4.95,0,2,3,3.43,0,336
340,2026,10,5,1154,-1.56,110.28,4.95,0,2,1,5.61,0,341
341,2026,10,5,1154,-1.56,110.3,4.95,0,2,5,11.87,0,341
342,2026,10,5,1154,-1.56,110.8,4.95,0,2,1,6.66,0,342
343,2026,10,5,1154,-1.6,113.68,4.95,0,2,3,4.72,0,345
344,2026,10,5,1154,-1.62,104.4,4.95,0,2,3,5.06,0,344
345,2026,10,5,1154,-1.62,113.68,4.95,0,2,5,27.02,0,345
346,2026,10,5,1154,-1.62,113.7,4.95,0,2,5,8.32,0,345
347,2026,10,5,1154,-1.62,114.64,4.95,0,2,5,20.15,0,347
348,2026,10,5,1154,-1.62,132.18,4.95,0,2,5,7.27,0,349
349,2026,10,5,1154,-1.62,132.2,4.95,0,2,3,7.7,0,349
350,2026,10,5,1154,-1.64,110.56,4.95,0,2,3,9.33,0,350
351,2026,10,5,1154,-1.64,110.58,4.95,0,2,3,9.33,0,350
352,2026,10,5,1154,-1.64,110.64,4.95,0,2,1,7.49,0,352
353,2026,10,5,1154,-1.64,114.62,4.95,0,2,3,11.8,0,347
354,2026,10,5,1154,-1.64,114.64,4.95,0,2,5,17.61,0,347
355,2026,10,5,1154,-1.64,132.18,4.95,0,2,3,5.39,0,349
356,2026,10,5,1154,-1.64,132.2,4.95,0,2,3,4.78,0,349
357,2026,10,5,1154,-1.66,114.62,4.95,0,2,3,11.37,0,347
358,2026,10,5,1154,-1.66,114.64,4.95,0,2,3,6.69,0,347
359,2026,10,5,1154,-1.68,113.2,4.95,0,2,5,9.84,0,360
360,2026,10,5,1154,-1.7,113.2,4.95,0,2,5,14.0,0,360
361,2026,10,5,1154,-1.7,113.22,4.95,0,2,3,3.78,0,360
362,2026,10,5,1154,-1.7,113.98,4.95,0,2,3,1.94,0,362
363,2026,10,5,1154,-1.72,113.2,4.95,0,2,5,9.51,0,360
364,2026,10,5,1154,-1.72,113.22,4.95,0,2,5,10.39,0,360
365,2026,10,5,1154,-1.74,130.32,4.95,0,2,1,2.75,0,367
366,2026,10,5,1154,-1.74,130.34,4.95,0,2,3,3.73,0,367
367,2026,10,5,1154,-1.76,130.34,4.95,0,2,3,4.05,0,367
368,2026,10,5,1154,-1.78,104.22,4.95,0,2,3,7.74,0,372
369,2026,10,5,1154,-1.78,104.24,4.95,0,2,1,7.72,0,372
370,2026,10,5,1154,-1.78,104.26,4.95,0,2,1,7.72,0,372
371,2026,10,5,1154,-1.78,124.38,4.95,0,2,3,5.92,0,371
372,2026,10,5,1154,-1.8,104.24,4.95,0,2,5,8.36,0,372
373,2026,10,5,1154,-1.8,104.26,4.95,0,2,5,8.36,0,372
374,2026,10,5,1154,-1.8,104.28,4.95,0,2,1,4.56,0,372
375,2026,10,5,1154,-1.82,114.42,4.95,0,2,5,13.89,0,375
376,2026,10,5,1154,-1.84,111.08,4.95,0,2,5,10.89,0,376
377,2026,10,5,1154,-1.86,103.9,4.95,0,1,1,36.85,0,378
378,2026,10,5,1154,-1.86,103.92,4.95,0,2,1,54.0,0,378
379,2026,10,5,1154,-1.86,103.96,4.95,0,2,5,16.82,0,379
380,2026,10,5,1154,-1.86,103.98,4.95,0,2,5,16.82,0,379
381,2026,10,5,1154,-1.86,104.0,4.95,0,2,5,14.68,0,379
382,2026,10,5,1154,-1.86,111.08,4.95,0,2,3,4.98,0,376
383,2026,10,5,1154,-1.86,132.56,4.95,0,2,3,3.5,0,383
384,2026,10,5,1154,-1.88,103.88,4.95,0,2,1,31.46,0,378
385,2026,10,5,1154,-1.88,103.9,4.95,0,2,1,31.46,0,378
386,2026,10,5,1154,-1.88,103.92,4.95,0,2,1,49.6,0,378
387,2026,10,5,1154,-1.88,103.96,4.95,0,2,3,10.25,0,379
388,2026,10,5,1154,-1.88,103.98,4.95,0,2,3,10.25,0,379
389,2026,10,5,1154,-1.88,104.0,4.95,0,2,3,8.1,0,379
390,2026,10,5,1154,-1.88,111.32,4.95,0,2,3,3.73,0,393
391,2026,10,5,1154,-1.88,113.44,4.95,0,2,3,12.29,0,391
392,2026,10,5,1154,-1.88,137.86,4.95,0,1,3,5.65,0,392
393,2026,10,5,1154,-1.9,111.32,4.95,0,2,3,4.42,0,393
394,2026,10,5,1154,-1.9,113.66,4.95,0,2,3,25.51,0,394
395,2026,10,5,1154,-1.9,114.96,4.95,0,2,5,14.59,0,395
396,2026,10,5,1154,-1.92,111.08,4.95,0,2,1,3.66,0,396
397,2026,10,5,1154,-1.92,113.64,4.95,0,2,3,15.83,0,394
398,2026,10,5,1154,-1.92,113.66,4.95,0,2,5,23.0,0,394
399,2026,10,5,1154,-1.92,114.96,4.95,0,2,3,13.93,0,395
400,2026,10,5,1154,-1.94,111.14,4.95,0,2,5,6.89,0,402
401,2026,10,5,1154,-1.96,111.12,4.95,0,2,5,32.72,0,402
402,2026,10,5,1154,-1.96,111.14,4.95,0,2,5,65.7,0,402
403,2026,10,5,1154,-1.98,111.1,4.95,0,2,3,7.9,0,402
404,2026,10,5,1154,-1.98,111.12,4.95,0,2,5,13.27,0,402
405,2026,10,5,1154,-1.98,111.14,4.95,0,2,5,36.02,0,402
406,2026,10,5,1154,-2.0,111.12,4.95,0,2,1,6.76,0,402
407,2026,10,5,1154,-2.0,111.14,4.95,0,2,5,46.77,0,402
408,2026,10,5,1154,-2.0,111.16,4.95,0,2,3,3.46,0,402
409,2026,10,5,1154,-2.0,113.7,4.95,0,2,3,19.18,0,409
410,2026,10,5,1154,-2.02,111.42,4.95,0,2,5,6.94,0,410
411,2026,10,5,1154,-2.02,111.44,4.95,0,2,3,3.54,0,410
412,2026,10,5,1154,-2.02,113.96,4.95,0,2,3,29.03,0,412
413,2026,10,5,1154,-2.02,114.38,4.95,0,2,3,17.85,0,413
414,2026,10,5,1154,-2.02,133.34,4.95,0,2,3,2.83,0,414
415,2026,10,5,1154,-2.04,111.42,4.95,0,2,5,6.81,0,410
416,2026,10,5,1154,-2.04,111.44,4.95,0,2,3,3.44,0,410
417,2026,10,5,1154,-2.04,111.96,4.95,0,2,3,13.74,0,417
418,2026,10,5,1154,-2.04,113.96,4.95,0,2,3,12.59,0,412
419,2026,10,5,1154,-2.04,114.14,4.95,0,2,5,20.06,0,420
420,2026,10,5,1154,-2.04,114.16,4.95,0,2,5,28.25,0,420
421,2026,10,5,1154,-2.04,114.38,4.95,0,2,1,6.92,0,413
422,2026,10,5,1154,-2.08,113.38,4.95,0,2,3,18.6,0,425
423,2026,10,5,1154,-2.08,113.4,4.95,0,2,3,18.6,0,425
424,2026,10,5,1154,-2.08,114.18,4.95,0,2,3,12.53,0,427
425,2026,10,5,1154,-2.1,113.38,4.95,0,2,3,22.91,0,425
426,2026,10,5,1154,-2.1,113.4,4.95,0,2,3,22.91,0,425
427,2026,10,5,1154,-2.1,114.18,4.95,0,2,3,13.64,0,427
428,2026,10,5,1154,-2.14,110.18,4.95,0,2,3,8.27,0,428
429,2026,10,5,1154,-2.14,114.24,4.95,0,2,3,14.47,0,429
430,2026,10,5,1154,-2.14,114.26,4.95,0,2,3,14.47,0,429
431,2026,10,5,1154,-2.14,114.82,4.95,0,1,3,6.95,0,431
432,2026,10,5,1154,-2.14,114.84,4.95,0,2,3,3.59,0,431
433,2026,10,5,1154,-2.14,115.88,4.95,0,2,1,6.9,0,444
434,2026,10,5,1154,-2.16,112.16,4.95,0,2,3,20.04,0,434
435,2026,10,5,1154,-2.16,114.24,4.95,0,2,5,13.38,0,429
436,2026,10,5,1154,-2.16,114.26,4.95,0,2,5,13.38,0,429
437,2026,10,5,1154,-2.16,114.28,4.95,0,2,5,11.77,0,429
438,2026,10,5,1154,-2.16,114.3,4.95,0,2,3,4.74,0,429
439,2026,10,5,1154,-2.16,114.36,4.95,0,2,5,26.22,0,439
440,2026,10,5,1154,-2.16,114.38,4.95,0,2,5,13.84,0,439
441,2026,10,5,1154,-2.16,114.42,4.95,0,1,3,13.22,0,442
442,2026,10,5,1154,-2.16,114.44,4.95,0,1,5,25.92,0,442
443,2026,10,5,1154,-2.16,115.88,4.95,0,2,5,10.85,0,444
444,2026,10,5,1154,-2.16,115.9,4.95,0,2,3,11.16,0,444
445,2026,10,5,1154,-2.16,132.44,4.95,0,2,3,9.0,0,445
446,2026,10,5,1154,-2.18,114.36,4.95,0,2,3,4.12,0,439
447,2026,10,5,1154,-2.18,114.42,4.95,0,2,3,5.0,0,442
448,2026,10,5,1154,-2.18,114.44,4.95,0,2,5,10.05,0,442
449,2026,10,5,1154,-2.2,114.26,4.95,0,2,3,8.75,0,449
450,2026,10,5,1154,-2.2,114.28,4.95,0,2,3,8.75,0,449
451,2026,10,5,1154,-2.2,115.96,4.95,0,2,3,8.25,0,451
452,2026,10,5,1154,-2.2,146.56,4.95,0,2,3,3.87,0,452
453,2026,10,5,1154,-2.22,115.02,4.95,0,2,3,3.59,0,453
454,2026,10,5,1154,-2.24,112.92,4.95,0,2,3,18.99,0,454
455,2026,10,5,1154,-2.24,112.94,4.95,0,2,3,18.99,0,454
456,2026,10,5,1154,-2.24,114.58,4.95,0,2,3,4.91,0,460
457,2026,10,5,1154,-2.24,114.6,4.95,0,2,3,4.91,0,460
458,2026,10,5,1154,-2.24,114.62,4.95,0,2,3,5.97,0,460
459,2026,10,5,1154,-2.24,114.64,4.95,0,2,3,3.38,0,460
460,2026,10,5,1154,-2.24,114.66,4.95,0,2,3,7.96,0,460
461,2026,10,5,1154,-2.26,104.16,4.95,0,2,5,13.49,0,461
462,2026,10,5,1154,-2.26,104.18,4.95,0,2,5,8.68,0,461
463,2026,10,5,1154,-2.26,111.5,4.95,0,2,3,5.5,0,463
464,2026,10,5,1154,-2.26,112.92,4.95,0,2,3,11.28,0,454
465,2026,10,5,1154,-2.26,112.94,4.95,0,2,3,11.28,0,454
466,2026,10,5,1154,-2.26,114.58,4.95,0,2,3,5.77,0,460
467,2026,10,5,1154,-2.26,114.6,4.95,0,2,3,5.77,0,460
468,2026,10,5,1154,-2.26,114.62,4.95,0,2,3,5.68,0,460
469,2026,10,5,1154,-2.26,114.7,4.95,0,2,3,3.61,0,475
470,2026,10,5,1154,-2.26,114.72,4.95,0,2,3,5.07,0,470
471,2026,10,5,1154,-2.26,132.38,4.95,0,2,1,2.99,0,471
472,2026,10,5,1154,-2.28,113.32,4.95,0,2,3,16.47,0,477
473,2026,10,5,1154,-2.28,114.54,4.95,0,2,1,1.15,0,480
474,2026,10,5,1154,-2.28,114.56,4.95,0,2,3,2.24,0,480
475,2026,10,5,1154,-2.28,114.68,4.95,0,2,5,27.38,0,475
476,2026,10,5,1154,-2.28,114.7,4.95,0,2,5,8.91,0,475
477,2026,10,5,1154,-2.3,113.32,4.95,0,2,5,17.27,0,477
478,2026,10,5,1154,-2.3,113.34,4.95,0,2,3,7.09,0,477
479,2026,10,5,1154,-2.3,114.54,4.95,0,2,5,23.63,0,480
480,2026,10,5,1154,-2.3,114.56,4.95,0,2,5,33.21,0,480
481,2026,10,5,1154,-2.3,114.68,4.95,0,2,5,11.01,0,475
482,2026,10,5,1154,-2.3,114.7,4.95,0,2,5,6.04,0,475
483,2026,10,5,1154,-2.32,114.54,4.95,0,2,5,8.85,0,480
484,2026,10,5,1154,-2.32,114.56,4.95,0,2,5,12.05,0,480
485,2026,10,5,1154,-2.34,104.28,4.95,0,2,5,7.8,0,485
486,2026,10,5,1154,-2.34,113.34,4.95,0,2,3,6.29,0,486
487,2026,10,5,1154,-2.34,114.04,4.95,0,2,3,7.69,0,492
488,2026,10,5,1154,-2.34,115.18,4.95,0,2,1,3.33,0,489
489,2026,10,5,1154,-2.34,115.2,4.95,0,2,3,5.11,0,489
490,2026,10,5,1154,-2.36,103.46,4.95,0,2,3,2.17,0,494
491,2026,10,5,1154,-2.36,112.64,4.95,0,2,3,13.86,0,496
492,2026,10,5,1154,-2.36,114.04,4.95,0,2,5,20.67,0,492
493,2026,10,5,1154,-2.36,114.06,4.95,0,2,3,8.4,0,492
494,2026,10,5,1154,-2.38,103.44,4.95,0,2,5,8.88,0,494
495,2026,10,5,1154,-2.38,103.46,4.95,0,2,5,7.43,0,494
496,2026,10,5,1154,-2.38,112.64,4.95,0,2,3,18.56,0,496
497,2026,10,5,1154,-2.38,114.02,4.95,0,2,5,11.76,0,492
498,2026,10,5,1154,-2.38,114.04,4.95,0,2,5,11.76,0,492
499,2026,10,5,1154,-2.38,114.06,4.95,0,2,3,7.27,0,492
500,2026,10,5,1154,-2.38,114.54,4.95,0,2,5,17.68,0,505
501,2026,10,5,1154,-2.38,114.56,4.95,0,2,5,13.48,0,505
502,2026,10,5,1154,-2.4,103.44,4.95,0,2,3,3.48,0,494
503,2026,10,5,1154,-2.4,103.46,4.95,0,2,3,2.81,0,494
504,2026,10,5,1154,-2.4,114.52,4.95,0,2,1,3.13,0,507
505,2026,10,5,1154,-2.4,114.54,4.95,0,1,3,18.13,0,505
506,2026,10,5,1154,-2.4,114.56,4.95,0,2,5,11.89,0,505
507,2026,10,5,1154,-2.42,114.52,4.95,0,2,3,5.08,0,507
508,2026,10,5,1154,-2.44,114.42,4.95,0,1,3,20.37,0,509
509,2026,10,5,1154,-2.44,114.44,4.95,0,1,3,34.85,0,509
510,2026,10,5,1154,-2.48,111.52,4.95,0,2,3,10.81,0,511
511,2026,10,5,1154,-2.48,111.54,4.95,0,2,3,13.34,0,511
512,2026,10,5,1154,-2.5,112.18,4.95,0,2,3,4.9,0,512
513,2026,10,5,1154,-2.52,110.84,4.95,0,2,5,8.39,0,519
514,2026,10,5,1154,-2.52,113.04,4.95,0,2,3,14.76,0,524
515,2026,10,5,1154,-2.52,113.06,4.95,0,2,3,9.39,0,524
516,2026,10,5,1154,-2.52,114.26,4.95,0,2,1,1.68,0,516
517,2026,10,5,1154,-2.52,114.6,4.95,0,1,3,21.76,0,517
518,2026,10,5,1154,-2.54,110.84,4.95,0,3,3,5.06,0,519
519,2026,10,5,1154,-2.54,110.86,4.95,0,2,5,18.62,0,519
520,2026,10,5,1154,-2.54,110.88,4.95,0,2,3,7.38,0,519
521,2026,10,5,1154,-2.54,111.66,4.95,0,2,1,9.12,0,521
522,2026,10,5,1154,-2.54,111.68,4.95,0,2,3,6.01,0,521
523,2026,10,5,1154,-2.54,111.7,4.95,0,2,3,6.01,0,521
524,2026,10,5,1154,-2.54,113.04,4.95,0,2,5,71.93,0,524
525,2026,10,5,1154,-2.54,113.06,4.95,0,2,5,45.74,0,524
526,2026,10,5,1154,-2.56,111.58,4.95,0,2,3,7.45,0,527
527,2026,10,5,1154,-2.56,111.6,4.95,0,2,5,19.71,0,527
528,2026,10,5,1154,-2.56,111.62,4.95,0,2,3,12.97,0,527
529,2026,10,5,1154,-2.56,113.02,4.95,0,2,3,17.81,0,524
530,2026,10,5,1154,-2.56,113.04,4.95,0,2,3,17.8,0,524
531,2026,10,5,1154,-2.56,113.06,4.95,0,2,3,14.47,0,524
532,2026,10,5,1154,-2.58,113.02,4.95,0,2,1,16.7,0,524
533,2026,10,5,1154,-2.58,113.04,4.95,0,2,1,16.7,0,524
534,2026,10,5,1154,-2.58,114.88,4.95,0,1,3,11.18,0,535
535,2026,10,5,1154,-2.6,114.86,4.95,0,1,3,22.79,0,535
536,2026,10,5,1154,-2.6,114.88,4.95,0,2,5,16.56,0,535
537,2026,10,5,1154,-2.62,105.56,4.95,0,2,3,9.25,0,542
538,2026,10,5,1154,-2.62,105.58,4.95,0,2,3,9.25,0,542
539,2026,10,5,1154,-2.62,121.64,4.95,0,2,1,7.71,0,539
540,2026,10,5,1154,-2.64,104.04,4.95,0,2,5,3.75,0,540
541,2026,10,5,1154,-2.64,105.54,4.95,0,1,3,11.8,0,542
542,2026,10,5,1154,-2.64,105.56,4.95,0,2,5,41.38,0,542
543,2026,10,5,1154,-2.64,105.58,4.95,0,2,5,41.38,0,542
544,2026,10,5,1154,-2.64,105.6,4.95,0,2,5,13.3,0,542
545,2026,10,5,1154,-2.64,111.56,4.95,0,2,3,16.31,0,547
546,2026,10,5,1154,-2.64,111.58,4.95,0,2,5,27.35,0,547
547,2026,10,5,1154,-2.64,111.6,4.95,0,2,5,31.71,0,547
548,2026,10,5,1154,-2.64,112.18,4.95,0,2,3,11.27,0,556
549,2026,10,5,1154,-2.64,112.2,4.95,0,2,3,11.32,0,556
550,2026,10,5,1154,-2.66,105.56,4.95,0,2,5,17.67,0,542
551,2026,10,5,1154,-2.66,105.58,4.95,0,2,5,17.67,0,542
552,2026,10,5,1154,-2.66,105.6,4.95,0,2,5,25.49,0,542
553,2026,10,5,1154,-2.66,111.1,4.95,0,2,3,10.7,0,553
554,2026,10,5,1154,-2.66,111.56,4.95,0,2,3,10.16,0,547
555,2026,10,5,1154,-2.66,111.58,4.95,0,2,5,12.78,0,547
556,2026,10,5,1154,-2.66,112.18,4.95,0,2,5,74.06,0,556
557,2026,10,5,1154,-2.66,112.2,4.95,0,2,5,46.88,0,556
558,2026,10,5,1154,-2.66,121.7,4.95,0,2,3,5.36,0,558
559,2026,10,5,1154,-2.68,105.58,4.95,0,2,5,13.66,0,542
560,2026,10,5,1154,-2.68,105.6,4.95,0,2,5,13.66,0,542
561,2026,10,5,1154,-2.68,106.64,4.95,0,2,3,5.29,0,561
562,2026,10,5,1154,-2.68,112.18,4.95,0,2,5,71.49,0,556
563,2026,10,5,1154,-2.68,112.2,4.95,0,2,5,29.6,0,556
564,2026,10,5,1154,-2.68,114.3,4.95,0,2,3,10.42,0,564
565,2026,10,5,1154,-2.68,114.32,4.95,0,2,3,9.02,0,564
566,2026,10,5,1154,-2.7,106.64,4.95,0,2,3,2.91,0,561
567,2026,10,5,1154,-2.7,112.18,4.95,0,1,3,23.7,0,556
568,2026,10,5,1154,-2.7,114.18,4.95,0,2,3,16.1,0,568
569,2026,10,5,1154,-2.72,114.06,4.95,0,1,1,26.76,0,569
570,2026,10,5,1154,-2.72,114.08,4.95,0,2,3,13.68,0,569
571,2026,10,5,1154,-2.72,114.18,4.95,0,2,1,15.79,0,568
572,2026,10,5,1154,-2.72,133.08,4.95,0,2,5,47.58,0,572
573,2026,10,5,1154,-2.72,133.1,4.95,0,1,5,35.49,0,572
574,2026,10,5,1154,-2.76,133.26,4.95,0,2,3,13.94,0,574
575,2026,10,5,1154,-2.76,133.6,4.95,0,2,3,10.25,0,575
576,2026,10,5,1154,-2.78,110.72,4.95,0,1,5,53.59,0,584
577,2026,10,5,1154,-2.78,110.74,4.95,0,1,3,20.99,0,584
578,2026,10,5,1154,-2.78,114.04,4.95,0,1,3,15.09,0,578
579,2026,10,5,1154,-2.78,133.18,4.95,0,2,5,38.63,0,579
580,2026,10,5,1154,-2.8,104.62,4.95,0,1,3,9.64,0,580
581,2026,10,5,1154,-2.8,110.46,4.95,0,2,3,6.77,0,581
582,2026,10,5,1154,-2.8,110.48,4.95,0,2,3,6.77,0,581
583,2026,10,5,1154,-2.8,110.7,4.95,0,2,3,14.33,0,584
584,2026,10,5,1154,-2.8,110.72,4.95,0,2,5,70.74,0,584
585,2026,10,5,1154,-2.8,110.74,4.95,0,2,5,31.71,0,584
586,2026,10,5,1154,-2.8,112.7,4.95,0,2,3,11.22,0,586
587,2026,10,5,1154,-2.8,113.3,4.95,0,2,5,24.41,0,587
588,2026,10,5,1154,-2.8,113.32,4.95,0,2,3,11.87,0,587
589,2026,10,5,1154,-2.8,114.04,4.95,0,2,3,9.98,0,578
590,2026,10,5,1154,-2.8,133.18,4.95,0,2,3,12.51,0,579
591,2026,10,5,1154,-2.82,104.62,4.95,0,2,3,6.1,0,580
592,2026,10,5,1154,-2.82,110.72,4.95,0,2,5,33.05,0,584
593,2026,10,5,1154,-2.82,110.74,4.95,0,2,3,11.52,0,584
594,2026,10,5,1154,-2.82,113.3,4.95,0,2,3,19.24,0,587
595,2026,10,5,1154,-2.84,110.72,4.95,0,2,1,9.28,0,584
596,2026,10,5,1154,-2.84,110.78,4.95,0,2,5,27.44,0,606
597,2026,10,5,1154,-2.84,110.8,4.95,0,2,5,38.35,0,606
598,2026,10,5,1154,-2.84,110.82,4.95,0,1,3,45.99,0,606
599,2026,10,5,1154,-2.84,110.84,4.95,0,1,3,45.99,0,606
600,2026,10,5,1154,-2.84,132.7,4.95,0,2,3,8.19,0,600
601,2026,10,5,1154,-2.84,132.92,4.95,0,2,3,11.63,0,601
602,2026,10,5,1154,-2.84,133.96,4.95,0,2,3,6.93,0,626
603,2026,10,5,1154,-2.86,110.72,4.95,0,2,5,19.07,0,584
604,2026,10,5,1154,-2.86,110.74,4.95,0,2,3,15.48,0,584
605,2026,10,5,1154,-2.86,110.78,4.95,0,2,5,51.76,0,606
606,2026,10,5,1154,-2.86,110.8,4.95,0,2,5,109.92,0,606
607,2026,10,5,1154,-2.86,110.82,4.95,0,2,5,18.38,0,606
608,2026,10,5,1154,-2.86,110.84,4.95,0,2,5,18.38,0,606
609,2026,10,5,1154,-2.86,133.96,4.95,0,2,3,8.11,0,626
610,2026,10,5,1154,-2.86,133.98,4.95,0,2,3,6.33,0,626
611,2026,10,5,1154,-2.88,110.74,4.95,0,2,3,12.78,0,584
612,2026,10,5,1154,-2.88,111.5,4.95,0,2,5,82.61,0,622
613,2026,10,5,1154,-2.88,111.52,4.95,0,2,5,56.17,0,622
614,2026,10,5,1154,-2.88,113.04,4.95,0,2,3,7.78,0,614
615,2026,10,5,1154,-2.88,133.58,4.95,0,2,3,6.84,0,615
616,2026,10,5,1154,-2.88,133.98,4.95,0,2,3,9.54,0,626
617,2026,10,5,1154,-2.88,134.0,4.95,0,2,3,5.24,0,626
618,2026,10,5,1154,-2.9,105.2,4.95,0,2,3,8.17,0,618
619,2026,10,5,1154,-2.9,105.22,4.95,0,2,3,8.17,0,618
620,2026,10,5,1154,-2.9,108.1,4.95,0,2,5,6.99,0,627
621,2026,10,5,1154,-2.9,108.12,4.95,0,2,5,6.99,0,627
622,2026,10,5,1154,-2.9,111.5,4.95,0,1,5,92.2,0,622
623,2026,10,5,1154,-2.9,111.52,4.95,0,2,5,52.33,0,622
624,2026,10,5,1154,-2.9,133.64,4.95,0,2,3,4.58,0,624
625,2026,10,5,1154,-2.9,133.98,4.95,0,2,3,9.8,0,626
626,2026,10,5,1154,-2.9,134.0,4.95,0,2,5,12.75,0,626
627,2026,10,5,1154,-2.92,108.1,4.95,0,1,3,10.52,0,627
628,2026,10,5,1154,-2.92,108.12,4.95,0,1,3,10.52,0,627
629,2026,10,5,1154,-2.92,113.14,4.95,0,2,5,82.86,0,654
630,2026,10,5,1154,-2.92,113.16,4.95,0,2,5,82.86,0,654
631,2026,10,5,1154,-2.92,113.18,4.95,0,2,5,16.59,0,654
632,2026,10,5,1154,-2.92,133.18,4.95,0,2,3,10.2,0,632
633,2026,10,5,1154,-2.94,113.14,4.95,0,2,5,102.08,0,654
634,2026,10,5,1154,-2.94,113.16,4.95,0,2,5,102.07,0,654
635,2026,10,5,1154,-2.94,113.18,4.95,0,2,5,21.11,0,654
636,2026,10,5,1154,-2.94,113.32,4.95,0,2,5,21.08,0,636
637,2026,10,5,1154,-2.94,133.14,4.95,0,2,3,10.83,0,649
638,2026,10,5,1154,-2.94,133.64,4.95,0,2,3,4.71,0,638
639,2026,10,5,1154,-2.96,103.98,4.95,0,2,3,8.03,0,650
640,2026,10,5,1154,-2.96,104.0,4.95,0,2,3,8.33,0,650
641,2026,10,5,1154,-2.96,113.1,4.95,0,1,5,46.56,0,654
642,2026,10,5,1154,-2.96,113.12,4.95,0,2,5,113.56,0,654
643,2026,10,5,1154,-2.96,113.14,4.95,0,2,5,62.8,0,654
644,2026,10,5,1154,-2.96,113.16,4.95,0,2,5,62.8,0,654
645,2026,10,5,1154,-2.96,113.18,4.95,0,1,5,26.58,0,654
646,2026,10,5,1154,-2.96,113.32,4.95,0,2,5,13.08,0,636
647,2026,10,5,1154,-2.96,121.54,4.95,0,2,3,11.43,0,647
648,2026,10,5,1154,-2.96,132.96,4.95,0,2,5,8.78,0,648
649,2026,10,5,1154,-2.96,133.14,4.95,0,2,5,11.1,0,649
650,2026,10,5,1154,-2.98,103.98,4.95,0,2,5,20.92,0,650
651,2026,10,5,1154,-2.98,104.0,4.95,0,2,5,15.81,0,650
652,2026,10,5,1154,-2.98,104.02,4.95,0,2,3,9.94,0,650
653,2026,10,5,1154,-2.98,104.04,4.95,0,2,3,9.94,0,650
654,2026,10,5,1154,-2.98,113.12,4.95,0,2,1,158.97,0,654
655,2026,10,5,1154,-2.98,113.14,4.95,0,2,5,93.48,0,654
656,2026,10,5,1154,-3.0,104.02,4.95,0,2,3,9.87,0,650
657,2026,10,5,1154,-3.0,105.28,4.95,0,2,3,9.79,0,657
658,2026,10,5,1154,-3.0,113.12,4.95,0,2,5,17.67,0,654
659,2026,10,5,1154,-3.0,113.14,4.95,0,2,5,25.18,0,654
660,2026,10,5,1154,-3.0,113.74,4.95,0,2,3,4.78,0,660
661,2026,10,5,1154,-3.0,113.96,4.95,0,2,5,12.39,0,688
662,2026,10,5,1154,-3.0,113.98,4.95,0,2,5,12.39,0,688
663,2026,10,5,1154,-3.0,133.64,4.95,0,2,1,5.46,0,663
664,2026,10,5,1154,-3.02,104.36,4.95,0,2,3,6.57,0,664
665,2026,10,5,1154,-3.02,113.94,4.95,0,2,5,15.43,0,688
666,2026,10,5,1154,-3.02,113.96,4.95,0,2,5,10.28,0,688
667,2026,10,5,1154,-3.02,113.98,4.95,0,2,3,10.28,0,688
668,2026,10,5,1154,-3.02,129.74,4.95,0,2,3,8.43,0,674
669,2026,10,5,1154,-3.02,129.76,4.95,0,2,3,8.07,0,674
670,2026,10,5,1154,-3.02,133.14,4.95,0,2,1,6.38,0,670
671,2026,10,5,1154,-3.04,104.36,4.95,0,2,3,5.21,0,664
672,2026,10,5,1154,-3.04,113.94,4.95,0,2,5,21.23,0,688
673,2026,10,5,1154,-3.04,113.96,4.95,0,2,5,15.07,0,688
674,2026,10,5,1154,-3.04,129.76,4.95,0,2,5,11.63,0,674
675,2026,10,5,1154,-3.04,133.16,4.95,0,2,3,10.74,0,675
676,2026,10,5,1154,-3.06,113.96,4.95,0,2,5,16.29,0,688
677,2026,10,5,1154,-3.06,115.86,4.95,0,2,3,7.34,0,678
678,2026,10,5,1154,-3.06,115.88,4.95,0,2,3,8.14,0,678
679,2026,10,5,1154,-3.06,121.94,4.95,0,2,5,11.45,0,679
680,2026,10,5,1154,-3.08,113.96,4.95,0,2,5,45.12,0,688
681,2026,10,5,1154,-3.08,113.98,4.95,0,2,5,11.48,0,688
682,2026,10,5,1154,-3.08,115.04,4.95,0,2,1,13.46,0,682
683,2026,10,5,1154,-3.1,104.42,4.95,0,2,5,69.01,0,692
684,2026,10,5,1154,-3.1,104.44,4.95,0,2,5,39.36,0,692
685,2026,10,5,1154,-3.1,104.46,4.95,0,2,5,39.36,0,692
686,2026,10,5,1154,-3.1,112.36,4.95,0,1,1,20.51,0,686
687,2026,10,5,1154,-3.1,113.82,4.95,0,2,3,7.24,0,687
688,2026,10,5,1154,-3.1,113.96,4.95,0,2,5,57.31,0,688
689,2026,10,5,1154,-3.1,113.98,4.95,0,2,5,15.0,0,688
690,2026,10,5,1154,-3.1,128.02,4.95,0,2,3,4.24,0,690
691,2026,10,5,1154,-3.1,130.04,4.95,0,2,3,5.23,0,691
692,2026,10,5,1154,-3.12,104.42,4.95,0,2,5,110.92,0,692
693,2026,10,5,1154,-3.12,104.44,4.95,0,2,5,50.37,0,692
694,2026,10,5,1154,-3.12,104.46,4.95,0,2,5,50.37,0,692
695,2026,10,5,1154,-3.12,128.0,4.95,0,2,3,4.57,0,695
696,2026,10,5,1154,-3.14,104.42,4.95,0,1,3,18.13,0,692
697,2026,10,5,1154,-3.14,104.44,4.95,0,1,3,14.3,0,692
698,2026,10,5,1154,-3.14,104.46,4.95,0,1,3,14.25,0,692
699,2026,10,5,1154,-3.14,119.62,4.95,0,2,3,6.72,0,699
700,2026,10,5,1154,-3.14,119.64,4.95,0,2,3,4.64,0,699
701,2026,10,5,1154,-3.18,112.04,4.95,0,2,3,12.82,0,702
702,2026,10,5,1154,-3.18,112.06,4.95,0,2,5,16.02,0,702
703,2026,10,5,1154,-3.18,113.38,4.95,0,2,5,8.1,0,703
704,2026,10,5,1154,-3.18,113.4,4.95,0,2,3,5.33,0,703
705,2026,10,5,1154,-3.18,119.64,4.95,0,2,5,5.87,0,705
706,2026,10,5,1154,-3.2,112.0,4.95,0,2,5,16.43,0,709
707,2026,10,5,1154,-3.2,113.38,4.95,0,2,3,6.92,0,703
708,2026,10,5,1154,-3.2,130.26,4.95,0,2,5,12.8,0,708
709,2026,10,5,1154,-3.22,112.0,4.95,0,2,5,19.35,0,709
710,2026,10,5,1154,-3.22,130.26,4.95,0,2,3,7.87,0,708
711,2026,10,5,1154,-3.24,105.3,4.95,0,2,3,15.13,0,713
712,2026,10,5,1154,-3.24,115.32,4.95,0,2,5,28.5,0,712
713,2026,10,5,1154,-3.26,105.3,4.95,0,2,5,15.83,0,713
714,2026,10,5,1154,-3.26,111.86,4.95,0,2,3,10.47,0,720
715,2026,10,5,1154,-3.26,111.88,4.95,0,2,3,12.01,0,715
716,2026,10,5,1154,-3.26,112.6,4.95,0,2,5,18.3,0,716
717,2026,10,5,1154,-3.26,130.42,4.95,0,2,3,6.12,0,717
718,2026,10,5,1154,-3.26,133.84,4.95,0,2,3,13.71,0,726
719,2026,10,5,1154,-3.26,133.86,4.95,0,2,3,14.64,0,719
720,2026,10,5,1154,-3.28,111.84,4.95,0,2,5,44.1,0,720
721,2026,10,5,1154,-3.28,111.86,4.95,0,2,3,15.15,0,720
722,2026,10,5,1154,-3.28,112.12,4.95,0,2,5,14.48,0,722
723,2026,10,5,1154,-3.28,112.14,4.95,0,2,5,14.48,0,722
724,2026,10,5,1154,-3.28,112.6,4.95,0,2,5,10.02,0,716
725,2026,10,5,1154,-3.28,113.86,4.95,0,2,5,18.01,0,725
726,2026,10,5,1154,-3.28,133.84,4.95,0,2,5,17.67,0,726
727,2026,10,5,1154,-3.3,105.24,4.95,0,2,3,6.51,0,735
728,2026,10,5,1154,-3.3,126.02,4.95,0,2,5,14.15,0,728
729,2026,10,5,1154,-3.3,126.04,4.95,0,2,3,7.25,0,728
730,2026,10,5,1154,-3.32,105.1,4.95,0,2,3,12.59,0,730
731,2026,10,5,1154,-3.32,105.24,4.95,0,2,5,11.95,0,735
732,2026,10,5,1154,-3.32,105.26,4.95,0,2,3,5.34,0,735
733,2026,10,5,1154,-3.32,114.1,4.95,0,2,3,5.9,0,733
734,2026,10,5,1154,-3.32,114.12,4.95,0,2,3,5.9,0,733
735,2026,10,5,1154,-3.34,105.22,4.95,0,2,5,40.56,0,735
736,2026,10,5,1154,-3.34,105.24,4.95,0,2,5,17.78,0,735
737,2026,10,5,1154,-3.34,105.26,4.95,0,2,3,7.24,0,735
738,2026,10,5,1154,-3.34,126.68,4.95,0,2,1,3.85,0,745
739,2026,10,5,1154,-3.34,126.7,4.95,0,2,5,7.02,0,745
740,2026,10,5,1154,-3.34,126.72,4.95,0,2,1,3.93,0,745
741,2026,10,5,1154,-3.34,133.9,4.95,0,2,3,18.96,0,747
742,2026,10,5,1154,-3.36,105.22,4.95,0,2,1,35.8,0,735
743,2026,10,5,1154,-3.36,105.24,4.95,0,2,1,18.44,0,735
744,2026,10,5,1154,-3.36,105.26,4.95,0,2,3,7.03,0,735
745,2026,10,5,1154,-3.36,126.7,4.95,0,2,5,8.35,0,745
746,2026,10,5,1154,-3.36,126.72,4.95,0,2,3,6.53,0,745
747,2026,10,5,1154,-3.36,133.9,4.95,0,2,5,28.48,0,747
748,2026,10,5,1154,-3.38,105.12,4.95,0,2,5,23.12,0,754
749,2026,10,5,1154,-3.38,105.14,4.95,0,2,3,11.0,0,754
750,2026,10,5,1154,-3.38,105.24,4.95,0,2,1,6.55,0,735
751,2026,10,5,1154,-3.38,133.9,4.95,0,2,3,18.74,0,747
752,2026,10,5,1154,-3.4,105.08,4.95,0,1,5,52.71,0,754
753,2026,10,5,1154,-3.4,105.1,4.95,0,1,5,52.71,0,754
754,2026,10,5,1154,-3.4,105.12,4.95,0,2,5,67.31,0,754
755,2026,10,5,1154,-3.4,105.14,4.95,0,2,5,45.91,0,754
756,2026,10,5,1154,-3.4,105.16,4.95,0,2,3,11.41,0,754
757,2026,10,5,1154,-3.4,105.2,4.95,0,2,3,3.42,0,757
758,2026,10,5,1154,-3.42,105.08,4.95,0,2,5,37.17,0,754
759,2026,10,5,1154,-3.42,105.1,4.95,0,2,5,46.96,0,754
760,2026,10,5,1154,-3.42,105.12,4.95,0,2,5,46.85,0,754
761,2026,10,5,1154,-3.42,105.14,4.95,0,2,5,16.99,0,754
762,2026,10,5,1154,-3.42,133.72,4.95,0,2,3,8.73,0,762
763,2026,10,5,1154,-3.44,105.08,4.95,0,2,3,9.67,0,754
764,2026,10,5,1154,-3.44,105.1,4.95,0,2,5,15.19,0,754
765,2026,10,5,1154,-3.44,105.12,4.95,0,2,5,15.19,0,754
766,2026,10,5,1154,-3.44,105.24,4.95,0,1,3,15.17,0,767
767,2026,10,5,1154,-3.44,105.26,4.95,0,2,5,24.28,0,767
768,2026,10,5,1154,-3.44,105.28,4.95,0,2,5,14.14,0,767
769,2026,10,5,1154,-3.44,130.7,4.95,0,2,3,4.42,0,769
770,2026,10,5,1154,-3.44,133.02,4.95,0,2,3,6.17,0,770
771,2026,10,5,1154,-3.46,132.94,4.95,0,2,1,5.24,0,771
772,2026,10,5,1154,-3.46,133.0,4.95,0,2,3,7.43,0,772
773,2026,10,5,1154,-3.48,119.52,4.95,0,2,3,5.44,0,773
774,2026,10,5,1154,-3.48,126.32,4.95,0,2,5,12.92,0,774
775,2026,10,5,1154,-3.48,126.34,4.95,0,2,3,7.85,0,774
776,2026,10,5,1154,-3.48,133.72,4.95,0,2,3,12.65,0,776
777,2026,10,5,1154,-3.5,126.34,4.95,0,2,3,9.43,0,774
778,2026,10,5,1154,-3.5,132.98,4.95,0,2,1,5.98,0,778
779,2026,10,5,1154,-3.52,126.3,4.95,0,2,5,15.3,0,779
780,2026,10,5,1154,-3.52,126.32,4.95,0,2,1,7.35,0,779
781,2026,10,5,1154,-3.6,104.78,4.95,0,2,3,10.81,0,781
782,2026,10,5,1154,-3.68,105.54,4.95,0,2,1,7.2,0,782
783,2026,10,5,1154,-3.72,114.88,4.95,0,2,3,5.6,0,783
784,2026,10,5,1154,-3.72,114.9,4.95,0,2,3,3.94,0,783
785,2026,10,5,1154,-3.96,137.66,4.94,0,2,3,4.38,0,785
786,2026,10,5,1154,-4.02,137.62,4.94,0,2,5,17.09,0,786
787,2026,10,5,1154,-4.02,137.64,4.94,0,2,5,8.04,0,786
788,2026,10,5,1154,-4.1,144.16,4.94,0,2,3,4.2,0,788
789,2026,10,5,1154,-4.5,121.76,4.94,0,2,5,22.9,0,789
790,2026,10,5,1154,-4.5,121.78,4.94,0,2,3,7.62,0,789
791,2026,10,5,1154,-4.52,121.76,4.94,0,2,3,4.35,0,789
792,2026,10,5,1154,-4.52,121.78,4.94,0,2,3,3.76,0,789
793,2026,10,5,1154,-4.56,104.56,4.94,0,2,3,3.62,0,794
794,2026,10,5,1154,-4.56,104.58,4.94,0,2,5,3.92,0,794
795,2026,10,5,1154,-4.56,104.6,4.94,0,2,5,3.92,0,794
796,2026,10,5,1154,-4.64,151.84,4.94,0,2,1,2.57,0,796
797,2026,10,5,1154,-4.66,104.02,4.94,0,2,1,5.27,0,797
798,2026,10,5,1154,-5.22,122.4,4.94,0,2,3,2.73,0,798
799,2026,10,5,1154,-5.62,150.5,4.93,0,2,3,5.14,0,799
800,2026,10,5,1154,-5.78,149.5,4.93,0,2,3,5.22,0,800
801,2026,10,5,1154,-6.22,139.5,4.93,0,2,3,7.05,0,801
802,2026,10,5,1154,-6.38,141.02,4.93,0,2,3,19.79,0,802
803,2026,10,5,1154,-6.46,141.08,4.93,0,2,3,12.32,0,803
804,2026,10,5,1154,-6.68,139.54,4.92,0,2,3,22.01,0,804
805,2026,10,5,1154,-6.74,140.3,4.92,0,2,1,9.35,0,807
806,2026,10,5,1154,-6.76,139.54,4.92,0,2,3,15.5,0,810
807,2026,10,5,1154,-6.76,140.3,4.92,0,2,3,17.51,0,807
808,2026,10,5,1154,-6.78,139.4,4.92,0,2,3,24.42,0,808
809,2026,10,5,1154,-6.78,139.42,4.92,0,2,3,9.99,0,808
810,2026,10,5,1154,-6.78,139.54,4.92,0,2,3,24.94,0,810
811,2026,10,5,1154,-6.78,140.2,4.92,0,2,5,32.03,0,815
812,2026,10,5,1154,-6.78,140.22,4.92,0,2,5,44.93,0,815
813,2026,10,5,1154,-6.78,140.24,4.92,0,2,3,20.53,0,815
814,2026,10,5,1154,-6.8,139.4,4.92,0,2,3,20.04,0,808
815,2026,10,5,1154,-6.8,140.2,4.92,0,1,5,54.55,0,815
816,2026,10,5,1154,-6.8,140.22,4.92,0,2,5,41.78,0,815
817,2026,10,5,1154,-6.8,140.24,4.92,0,2,5,20.37,0,815
818,2026,10,5,1154,-6.82,140.2,4.92,0,2,3,8.81,0,815
819,2026,10,5,1154,-6.82,140.22,4.92,0,2,1,10.09,0,815
820,2026,10,5,1154,-6.84,140.18,4.92,0,2,3,8.82,0,821
821,2026,10,5,1154,-6.86,140.18,4.92,0,2,3,13.7,0,821
822,2026,10,5,1154,-6.98,140.14,4.92,0,2,3,15.41,0,823
823,2026,10,5,1154,-7.0,140.14,4.92,0,2,5,66.42,0,823
824,2026,10,5,1154,-7.0,140.16,4.92,0,2,5,39.83,0,823
825,2026,10,5,1154,-7.0,140.18,4.92,0,1,3,20.49,0,823
826,2026,10,5,1154,-7.02,140.14,4.92,0,1,3,41.42,0,823
827,2026,10,5,1154,-7.02,140.16,4.92,0,2,3,23.86,0,823
828,2026,10,5,1154,-7.14,139.36,4.92,0,2,3,13.01,0,828
829,2026,10,5,1154,-7.14,139.38,4.92,0,2,5,12.05,0,828
830,2026,10,5,1154,-7.18,141.06,4.92,0,2,3,6.83,0,830
831,2026,10,5,1154,-7.28,140.66,4.92,0,2,3,6.69,0,833
832,2026,10,5,1154,-7.3,139.34,4.92,0,2,3,5.74,0,834
833,2026,10,5,1154,-7.3,140.66,4.92,0,2,3,10.04,0,833
834,2026,10,5,1154,-7.32,139.34,4.92,0,2,3,8.9,0,834
835,2026,10,5,1154,-7.36,141.68,4.92,0,2,3,8.43,0,835
836,2026,10,5,1154,-7.4,139.08,4.92,0,2,5,23.33,0,836
837,2026,10,5,1154,-7.4,139.1,4.92,0,2,5,20.47,0,836
838,2026,10,5,1154,-7.42,139.08,4.92,0,2,3,9.69,0,836
839,2026,10,5,1154,-7.42,139.1,4.92,0,2,5,15.19,0,836
840,2026,10,5,1154,-7.42,141.6,4.92,0,2,3,3.29,0,840
841,2026,10,5,1154,-7.44,140.7,4.91,0,2,3,6.34,0,841
842,2026,10,5,1154,-7.44,141.12,4.91,0,2,5,20.6,0,842
843,2026,10,5,1154,-7.44,141.14,4.91,0,2,3,8.07,0,842
844,2026,10,5,1154,-7.46,139.12,4.91,0,2,3,5.69,0,844
845,2026,10,5,1154,-7.48,138.58,4.91,0,2,3,2.17,0,846
846,2026,10,5,1154,-7.5,138.58,4.91,0,2,5,4.6,0,846
847,2026,10,5,1154,-7.56,141.06,4.91,0,2,3,13.87,0,848
848,2026,10,5,1154,-7.56,141.08,4.91,0,2,5,22.69,0,848
849,2026,10,5,1154,-7.58,141.08,4.91,0,2,3,7.33,0,848
850,2026,10,5,1154,-7.62,140.62,4.91,0,2,5,13.68,0,854
851,2026,10,5,1154,-7.62,140.64,4.91,0,2,5,19.43,0,854
852,2026,10,5,1154,-7.62,140.66,4.91,0,2,3,9.01,0,854
853,2026,10,5,1154,-7.64,140.62,4.91,0,2,3,6.06,0,854
854,2026,10,5,1154,-7.64,140.64,4.91,0,2,5,20.93,0,854
855,2026,10,5,1154,-7.64,140.66,4.91,0,2,3,8.1,0,854
856,2026,10,5,1154,-7.64,140.68,4.91,0,2,1,5.22,0,854
857,2026,10,5,1154,-7.64,141.12,4.91,0,2,5,9.79,0,865
858,2026,10,5,1154,-7.64,141.14,4.91,0,2,5,9.81,0,865
859,2026,10,5,1154,-7.64,141.24,4.91,0,2,3,5.78,0,860
860,2026,10,5,1154,-7.64,141.26,4.91,0,2,5,8.96,0,860
861,2026,10,5,1154,-7.64,141.48,4.91,0,2,3,4.93,0,861
862,2026,10,5,1154,-7.66,126.52,4.91,0,2,3,5.18,0,862
863,2026,10,5,1154,-7.66,140.66,4.91,0,2,3,7.04,0,854
864,2026,10,5,1154,-7.66,140.68,4.91,0,2,3,7.71,0,854
865,2026,10,5,1154,-7.66,141.12,4.91,0,2,5,53.44,0,865
866,2026,10,5,1154,-7.66,141.14,4.91,0,2,5,40.12,0,865
867,2026,10,5,1154,-7.66,141.48,4.91,0,2,1,4.34,0,861
868,2026,10,5,1154,-7.68,141.14,4.91,0,2,3,8.93,0,865
869,2026,10,5,1154,-7.7,140.38,4.91,0,1,3,14.31,0,873
870,2026,10,5,1154,-7.7,141.0,4.91,0,2,3,7.45,0,870
871,2026,10,5,1154,-7.7,141.02,4.91,0,2,1,4.62,0,870
872,2026,10,5,1154,-7.72,140.36,4.91,0,2,5,21.34,0,873
873,2026,10,5,1154,-7.72,140.38,4.91,0,2,5,27.89,0,873
874,2026,10,5,1154,-7.72,140.4,4.91,0,2,3,8.14,0,873
875,2026,10,5,1154,-7.72,140.74,4.91,0,2,3,7.73,0,875
876,2026,10,5,1154,-7.74,140.34,4.91,0,2,5,15.87,0,873
877,2026,10,5,1154,-7.74,140.36,4.91,0,2,5,13.04,0,873
878,2026,10,5,1154,-7.74,140.38,4.91,0,2,5,19.54,0,873
879,2026,10,5,1154,-7.74,141.04,4.91,0,2,3,6.44,0,880
880,2026,10,5,1154,-7.74,141.06,4.91,0,2,5,9.8,0,880
881,2026,10,5,1154,-7.8,140.6,4.91,0,2,5,26.76,0,884
882,2026,10,5,1154,-7.8,140.62,4.91,0,2,5,52.99,0,884
883,2026,10,5,1154,-7.82,140.6,4.91,0,2,5,27.53,0,884
884,2026,10,5,1154,-7.82,140.62,4.91,0,2,5,61.29,0,884
885,2026,10,5,1154,-7.84,140.6,4.91,0,2,3,3.57,0,884
886,2026,10,5,1154,-7.84,141.78,4.91,0,2,3,2.86,0,887
887,2026,10,5,1154,-7.84,141.8,4.91,0,2,5,7.8,0,887
888,2026,10,5,1154,-7.84,142.12,4.91,0,2,5,10.38,0,888
889,2026,10,5,1154,-7.86,141.8,4.91,0,2,5,7.67,0,887
890,2026,10,5,1154,-7.86,142.12,4.91,0,2,3,2.93,0,888
891,2026,10,5,1154,-7.9,140.72,4.91,0,2,5,11.28,0,891
892,2026,10,5,1154,-7.9,140.74,4.91,0,2,5,5.86,0,891
893,2026,10,5,1154,-7.94,139.04,4.91,0,2,5,12.28,0,893
894,2026,10,5,1154,-7.96,138.98,4.91,0,2,3,6.19,0,894
895,2026,10,5,1154,-7.96,139.0,4.91,0,2,3,3.91,0,894
896,2026,10,5,1154,-7.96,139.04,4.91,0,2,5,10.13,0,893
897,2026,10,5,1154,-7.96,139.06,4.91,0,2,3,3.5,0,893
898,2026,10,5,1154,-7.98,139.06,4.91,0,2,1,2.6,0,893
899,2026,10,5,1154,-8.02,142.2,4.91,0,2,3,3.14,0,901
900,2026,10,5,1154,-8.02,142.22,4.91,0,2,3,2.49,0,901
901,2026,10,5,1154,-8.04,142.2,4.91,0,2,3,3.55,0,901
902,2026,10,5,1154,-8.06,141.34,4.91,0,2,3,5.53,0,902
903,2026,10,5,1154,-8.06,141.36,4.91,0,2,3,4.78,0,902
904,2026,10,5,1154,-8.08,141.42,4.91,0,2,5,7.68,0,908
905,2026,10,5,1154,-8.1,140.76,4.91,0,2,3,8.15,0,906
906,2026,10,5,1154,-8.1,140.78,4.91,0,2,5,8.31,0,906
907,2026,10,5,1154,-8.1,141.4,4.91,0,2,5,8.94,0,908
908,2026,10,5,1154,-8.1,141.42,4.91,0,2,5,9.52,0,908
909,2026,10,5,1154,-8.12,140.18,4.91,0,2,3,5.61,0,909
910,2026,10,5,1154,-8.12,140.88,4.91,0,2,3,5.29,0,910
911,2026,10,5,1154,-8.12,141.28,4.91,0,2,3,3.33,0,912
912,2026,10,5,1154,-8.14,141.28,4.91,0,2,5,46.7,0,912
913,2026,10,5,1154,-8.14,141.4,4.91,0,2,3,7.15,0,913
914,2026,10,5,1154,-8.16,141.14,4.91,0,2,3,7.26,0,915
915,2026,10,5,1154,-8.16,141.16,4.91,0,2,5,20.13,0,915
916,2026,10,5,1154,-8.16,141.28,4.91,0,2,5,34.4,0,912
917,2026,10,5,1154,-8.16,141.4,4.91,0,2,3,5.81,0,913
918,2026,10,5,1154,-8.16,141.42,4.91,0,2,3,4.78,0,913
919,2026,10,5,1154,-8.18,141.14,4.91,0,2,3,3.65,0,915
920,2026,10,5,1154,-8.18,141.16,4.91,0,2,5,9.14,0,915
921,2026,10,5,1154,-8.2,141.14,4.91,0,2,3,5.89,0,915
922,2026,10,5,1154,-8.2,141.16,4.91,0,2,3,5.59,0,915
923,2026,10,5,1154,-8.22,140.7,4.91,0,2,5,10.08,0,925
924,2026,10,5,1154,-8.22,140.72,4.91,0,2,3,5.03,0,925
925,2026,10,5,1154,-8.24,140.7,4.91,0,2,5,14.6,0,925
926,2026,10,5,1154,-8.24,140.72,4.91,0,2,3,5.59,0,925
927,2026,10,5,1154,-8.24,141.32,4.91,0,2,5,15.14,0,927
928,2026,10,5,1154,-8.24,141.34,4.91,0,2,5,9.97,0,927
929,2026,10,5,1154,-8.26,141.32,4.91,0,2,3,4.31,0,927
930,2026,10,5,1154,-8.26,141.34,4.91,0,2,3,4.95,0,927
931,2026,10,5,1154,-8.32,140.62,4.9,0,2,5,11.86,0,931
932,2026,10,5,1154,-8.32,140.64,4.9,0,2,5,5.4,0,931
933,2026,10,5,1154,-8.34,141.18,4.9,0,2,3,5.06,0,933
934,2026,10,5,1154,-8.44,140.7,4.9,0,2,3,2.33,0,934
935,2026,10,5,1154,-8.62,141.9,4.9,0,2,3,2.08,0,935
936,2026,10,5,1154,-8.86,125.38,4.9,0,2,3,4.08,0,936
937,2026,10,5,1154,-9.0,141.7,4.9,0,2,3,2.06,0,937
938,2026,10,5,1154,-9.08,141.78,4.89,0,2,3,3.11,0,938
939,2026,10,5,1154,-9.18,147.28,4.89,0,2,1,1.45,0,939
940,2026,10,5,1154,-9.8,123.98,4.88,0,2,3,3.2,0,941
941,2026,10,5,1154,-9.8,124.0,4.88,0,2,5,5.22,0,941
942,2026,10,5,1154,-9.8,149.34,4.88,0,2,3,7.25,0,943
943,2026,10,5,1154,-9.8,149.36,4.88,0,2,5,10.42,0,943
944,2026,10,5,1154,-9.86,149.34,4.88,0,2,3,3.0,0,944
945,2026,10,5,1154,-9.92,123.66,4.88,0,2,3,1.79,0,945
946,2026,10,5,1154,-11.82,142.66,4.85,0,2,3,1.79,0,946
947,2026,10,5,1154,-11.98,142.64,4.85,0,2,5,4.06,0,947
948,2026,10,5,1154,-12.12,134.2,4.85,0,2,3,2.82,0,948
949,2026,10,5,1154,-12.36,142.3,4.84,0,2,3,3.09,0,950
950,2026,10,5,1154,-12.38,142.3,4.84,0,2,5,4.1,0,950
951,2026,10,5,1154,-12.38,142.32,4.84,0,2,3,3.01,0,950
952,2026,10,5,1154,-12.4,141.94,4.84,0,2,3,2.42,0,952
953,2026,10,5,1154,-12.44,136.82,4.84,0,2,5,3.5,0,954
954,2026,10,5,1154,-12.44,136.84,4.84,0,1,3,6.21,0,954
955,2026,10,5,1154,-12.66,132.26,4.84,0,2,3,3.0,0,955
956,2026,10,5,1154,-12.9,142.36,4.83,0,2,3,3.17,0,958
957,2026,10,5,1154,-12.9,142.38,4.83,0,2,3,2.33,0,958
958,2026,10,5,1154,-12.92,142.36,4.83,0,2,5,6.35,0,958
959,2026,10,5,1154,-12.92,142.38,4.83,0,2,5,4.22,0,958
960,2026,10,5,1154,-12.94,142.36,4.83,0,2,5,3.76,0,958
961,2026,10,5,1154,-12.94,142.38,4.83,0,2,3,1.97,0,958
962,2026,10,5,1154,-13.04,141.72,4.83,0,2,5,5.28,0,963
963,2026,10,5,1154,-13.06,141.72,4.83,0,2,5,6.39,0,963
964,2026,10,5,1154,-13.06,142.0,4.83,0,2,5,6.83,0,964
965,2026,10,5,1154,-13.06,142.02,4.83,0,2,5,6.35,0,964
966,2026,10,5,1154,-13.08,131.82,4.83,0,2,3,6.61,0,969
967,2026,10,5,1154,-13.08,142.0,4.83,0,2,5,6.16,0,964
968,2026,10,5,1154,-13.08,142.02,4.83,0,2,5,4.06,0,964
969,2026,10,5,1154,-13.1,131.82,4.83,0,2,5,11.12,0,969
970,2026,10,5,1154,-13.1,131.9,4.83,0,2,5,8.95,0,976
971,2026,10,5,1154,-13.1,142.0,4.83,0,2,3,2.96,0,964
972,2026,10,5,1154,-13.12,131.9,4.83,0,2,3,7.55,0,976
973,2026,10,5,1154,-13.14,131.88,4.83,0,2,3,7.49,0,976
974,2026,10,5,1154,-13.14,131.9,4.83,0,2,3,8.81,0,976
975,2026,10,5,1154,-13.16,131.88,4.83,0,2,5,51.25,0,976
976,2026,10,5,1154,-13.16,131.9,4.83,0,2,5,54.9,0,976
977,2026,10,5,1154,-13.18,131.88,4.83,0,2,5,14.89,0,976
978,2026,10,5,1154,-13.18,131.9,4.83,0,2,5,12.36,0,976
979,2026,10,5,1154,-13.36,141.74,4.82,0,2,5,3.46,0,979
980,2026,10,5,1154,-13.4,143.12,4.82,0,2,5,3.49,0,981
981,2026,10,5,1154,-13.42,143.12,4.82,0,2,5,5.45,0,981
982,2026,10,5,1154,-13.42,143.14,4.82,0,2,3,2.28,0,981
983,2026,10,5,1154,-13.48,143.16,4.82,0,2,5,4.7,0,983
984,2026,10,5,1154,-13.5,143.14,4.82,0,2,3,2.72,0,983
985,2026,10,5,1154,-13.5,143.16,4.82,0,2,3,3.02,0,983
986,2026,10,5,1154,-13.58,143.18,4.82,0,2,1,1.85,0,986
987,2026,10,5,1154,-13.64,141.88,4.82,0,2,3,2.52,0,988
988,2026,10,5,1154,-13.64,141.9,4.82,0,2,3,3.07,0,988
989,2026,10,5,1154,-13.66,141.88,4.82,0,2,3,2.34,0,988
990,2026,10,5,1154,-13.9,131.26,4.81,0,2,5,6.79,0,990
991,2026,10,5,1154,-13.92,131.26,4.81,0,2,3,4.14,0,990
992,2026,10,5,1154,-13.98,136.64,4.81,0,2,1,3.3,0,992
993,2026,10,5,1154,-14.0,136.52,4.81,0,2,3,3.4,0,993
994,2026,10,5,1154,-14.06,136.64,4.81,0,2,3,2.93,0,994
995,2026,10,5,1154,-14.28,144.42,4.8,0,1,3,5.68,0,995
996,2026,10,5,1154,-14.28,144.44,4.8,0,1,3,4.98,0,995
997,2026,10,5,1154,-14.3,144.42,4.8,0,2,5,2.93,0,995
998,2026,10,5,1154,-14.3,144.44,4.8,0,2,5,3.18,0,995
999,2026,10,5,1154,-14.36,133.56,4.8,0,2,5,8.39,0,999
1000,2026,10,5,1154,-14.36,133.58,4.8,0,2,5,8.17,0,999
1001,2026,10,5,1154,-14.38,133.58,4.8,0,2,5,8.31,0,999
1002,2026,10,5,1154,-14.38,133.6,4.8,0,2,5,6.08,0,999
1003,2026,10,5,1154,-14.58,132.7,4.8,0,1,3,13.38,0,1003
1004,2026,10,5,1154,-14.58,135.5,4.8,0,2,3,1.99,0,1004
1005,2026,10,5,1154,-14.64,134.52,4.8,0,2,3,2.39,0,1005
1006,2026,10,5,1154,-14.72,143.84,4.79,0,2,3,2.71,0,1007
1007,2026,10,5,1154,-14.74,143.84,4.79,0,2,3,3.09,0,1007
1008,2026,10,5,1154,-14.92,133.98,4.79,0,2,3,3.48,0,1008
1009,2026,10,5,1154,-14.94,133.98,4.79,0,2,3,3.21,0,1008
1010,2026,10,5,1154,-14.96,141.88,4.79,0,1,3,10.85,0,1010
1011,2026,10,5,1154,-14.98,141.86,4.79,0,2,5,6.19,0,1010
1012,2026,10,5,1154,-14.98,141.88,4.79,0,2,5,6.39,0,1010
1013,2026,10,5,1154,-15.0,133.88,4.79,0,2,5,4.68,0,1014
1014,2026,10,5,1154,-15.0,133.9,4.79,0,2,5,8.77,0,1014
1015,2026,10,5,1154,-15.0,141.88,4.79,0,2,1,2.42,0,1010
1016,2026,10,5,1154,-15.02,133.9,4.79,0,2,5,4.02,0,1014
1017,2026,10,5,1154,-15.02,133.94,4.79,0,2,3,2.75,0,1017
1018,2026,10,5,1154,-15.12,134.24,4.79,0,2,5,4.6,0,1019
1019,2026,10,5,1154,-15.12,134.26,4.79,0,2,5,5.23,0,1019
1020,2026,10,5,1154,-15.14,134.24,4.78,0,2,3,4.84,0,1019
1021,2026,10,5,1154,-15.14,134.26,4.78,0,2,5,3.62,0,1019
1022,2026,10,5,1154,-15.14,134.28,4.78,0,2,3,1.87,0,1019
1023,2026,10,5,1154,-15.14,134.34,4.78,0,2,3,2.97,0,1025
1024,2026,10,5,1154,-15.14,134.36,4.78,0,2,3,2.57,0,1025
1025,2026,10,5,1154,-15.16,134.36,4.78,0,2,5,3.51,0,1025
1026,2026,10,5,1154,-15.24,133.78,4.78,0,2,5,3.7,0,1026
1027,2026,10,5,1154,-15.26,133.78,4.78,0,2,3,2.51,0,1026
1028,2026,10,5,1154,-15.28,134.72,4.78,0,2,5,3.21,0,1028
1029,2026,10,5,1154,-15.34,134.68,4.78,0,2,3,2.28,0,1029
1030,2026,10,5,1154,-15.34,134.7,4.78,0,2,3,1.61,0,1029
1031,2026,10,5,1154,-15.38,134.7,4.78,0,2,3,2.08,0,1031
1032,2026,10,5,1154,-15.48,134.68,4.78,0,2,1,1.9,0,1032
1033,2026,10,5,1154,-15.58,144.64,4.77,0,2,5,4.17,0,1034
1034,2026,10,5,1154,-15.6,144.64,4.77,0,2,5,7.16,0,1034
1035,2026,10,5,1154,-15.62,127.74,4.77,0,1,3,29.41,0,1035
1036,2026,10,5,1154,-15.62,144.62,4.77,0,2,3,4.0,0,1034
1037,2026,10,5,1154,-15.62,144.64,4.77,0,2,3,1.95,0,1034
1038,2026,10,5,1154,-15.64,144.6,4.77,0,2,3,4.21,0,1034
1039,2026,10,5,1154,-15.64,144.62,4.77,0,2,3,2.75,0,1034
1040,2026,10,5,1154,-15.66,144.6,4.77,0,2,1,2.13,0,1034
1041,2026,10,5,1154,-15.7,134.54,4.77,0,2,1,3.67,0,1042
1042,2026,10,5,1154,-15.72,134.54,4.77,0,2,5,17.28,0,1042
1043,2026,10,5,1154,-15.72,134.56,4.77,0,2,5,4.98,0,1042
1044,2026,10,5,1154,-15.74,125.5,4.77,0,1,3,24.53,0,1044
1045,2026,10,5,1154,-15.76,125.5,4.77,0,1,3,20.05,0,1044
1046,2026,10,5,1154,-15.82,134.44,4.77,0,2,3,7.66,0,1046
1047,2026,10,5,1154,-15.84,134.44,4.77,0,2,1,5.15,0,1046
1048,2026,10,5,1154,-16.0,134.32,4.76,0,2,3,5.18,0,1052
1049,2026,10,5,1154,-16.02,134.32,4.76,0,2,5,16.21,0,1052
1050,2026,10,5,1154,-16.02,134.34,4.76,0,2,5,8.27,0,1052
1051,2026,10,5,1154,-16.04,134.3,4.76,0,2,5,8.01,0,1052
1052,2026,10,5,1154,-16.04,134.32,4.76,0,2,5,17.61,0,1052
1053,2026,10,5,1154,-16.06,133.86,4.76,0,2,3,6.57,0,1054
1054,2026,10,5,1154,-16.06,133.88,4.76,0,2,5,20.18,0,1054
1055,2026,10,5,1154,-16.08,136.46,4.76,0,2,3,2.04,0,1057
1056,2026,10,5,1154,-16.1,133.84,4.76,0,2,3,2.37,0,1056
1057,2026,10,5,1154,-16.1,136.46,4.76,0,2,3,2.2,0,1057
1058,2026,10,5,1154,-16.16,133.74,4.76,0,2,3,3.74,0,1058
1059,2026,10,5,1154,-16.16,133.76,4.76,0,2,3,3.29,0,1058
1060,2026,10,5,1154,-16.32,136.66,4.76,0,2,3,2.63,0,1063
1061,2026,10,5,1154,-16.34,136.64,4.76,0,2,3,4.06,0,1063
1062,2026,10,5,1154,-16.34,136.66,4.76,0,2,5,3.66,0,1063
1063,2026,10,5,1154,-16.36,136.64,4.76,0,2,5,12.5,0,1063
1064,2026,10,5,1154,-16.36,136.66,4.76,0,2,3,3.21,0,1063
1065,2026,10,5,1154,-16.44,145.1,4.75,0,2,1,3.0,0,1067
1066,2026,10,5,1154,-16.46,145.08,4.75,0,2,5,7.12,0,1067
1067,2026,10,5,1154,-16.46,145.1,4.75,0,2,5,7.49,0,1067
1068,2026,10,5,1154,-16.8,130.22,4.75,0,2,3,5.82,0,1068
1069,2026,10,5,1154,-16.98,135.06,4.74,0,2,3,3.33,0,1070
1070,2026,10,5,1154,-16.98,135.08,4.74,0,2,5,4.88,0,1070
1071,2026,10,5,1154,-17.0,134.76,4.74,0,2,5,9.8,0,1071
1072,2026,10,5,1154,-17.02,134.74,4.74,0,2,5,4.85,0,1071
1073,2026,10,5,1154,-17.02,134.76,4.74,0,2,5,8.66,0,1071
1074,2026,10,5,1154,-17.02,135.12,4.74,0,2,3,1.62,0,1074
1075,2026,10,5,1154,-17.08,123.16,4.74,0,2,3,2.91,0,1075
1076,2026,10,5,1200,-17.86,125.88,4.72,0,2,5,32.21,0,1077
1077,2026,10,5,1200,-17.86,125.9,4.72,0,2,5,50.33,0,1077
1078,2026,10,5,1200,-17.88,125.9,4.72,0,2,3,13.35,0,1077
1079,2026,10,5,1200,-18.64,138.32,4.7,0,2,3,3.64,0,1083
1080,2026,10,5,1200,-18.64,138.42,4.7,0,2,1,2.87,0,1085
1081,2026,10,5,1200,-18.64,138.44,4.7,0,2,3,3.76,0,1085
1082,2026,10,5,1200,-18.64,138.46,4.7,0,2,3,4.15,0,1085
1083,2026,10,5,1200,-18.66,138.32,4.7,0,2,5,5.43,0,1083
1084,2026,10,5,1200,-18.66,138.46,4.7,0,2,5,15.35,0,1085
1085,2026,10,5,1200,-18.68,138.46,4.7,0,2,5,22.11,0,1085
1086,2026,10,5,1200,-18.7,138.46,4.69,0,2,3,3.75,0,1085
1087,2026,10,5,1200,-19.16,145.94,4.68,0,2,3,1.29,0,1087
1088,2026,10,5,1200,-19.36,146.5,4.68,0,2,3,3.01,0,1088
1089,2026,10,5,1200,-19.36,146.52,4.68,0,2,3,2.15,0,1088
1090,2026,10,5,1200,-19.64,128.2,4.67,0,1,1,8.39,0,1091
1091,2026,10,5,1200,-19.64,128.22,4.67,0,1,3,18.32,0,1091
1092,2026,10,5,1200,-20.16,126.76,4.65,0,2,3,3.0,0,1092
1093,2026,10,5,1200,-21.64,145.9,4.61,0,2,1,3.29,0,1093
1094,2026,10,5,1200,-21.64,147.5,4.61,0,2,5,23.11,0,1094
1095,2026,10,5,1200,-21.64,147.52,4.61,0,2,5,19.05,0,1094
1096,2026,10,5,1200,-21.66,147.52,4.61,0,2,3,3.89,0,1094
1097,2026,10,5,1200,-21.7,132.52,4.61,0,1,3,4.82,0,1097
1098,2026,10,5,1200,-21.72,132.5,4.6,0,1,3,6.16,0,1098
1099,2026,10,5,1200,-21.76,132.46,4.6,0,1,3,9.9,0,1099
1100,2026,10,5,1200,-21.76,132.48,4.6,0,1,1,5.33,0,1099
1101,2026,10,5,1200,-21.78,132.46,4.6,0,1,3,8.16,0,1099
1102,2026,10,5,1200,-21.78,149.36,4.6,0,2,5,14.22,0,1102
1103,2026,10,5,1200,-21.8,149.36,4.6,0,2,3,5.96,0,1102
1104,2026,10,5,1200,-22.5,123.76,4.58,0,1,1,7.73,0,1105
1105,2026,10,5,1200,-22.52,123.76,4.58,0,1,1,8.61,0,1105
1106,2026,10,5,1200,-22.54,123.74,4.58,0,1,1,8.71,0,1106
1107,2026,10,5,1200,-22.9,147.3,4.57,0,2,5,4.33,0,1107
1108,2026,10,5,1200,-22.92,147.3,4.57,0,2,5,4.29,0,1107
1109,2026,10,5,1200,-24.04,149.22,4.53,0,2,5,5.66,0,1110
1110,2026,10,5,1200,-24.04,149.24,4.53,0,2,5,11.27,0,1110
1111,2026,10,5,1200,-24.06,149.22,4.53,0,2,3,4.29,0,1110
1112,2026,10,5,1200,-24.06,149.24,4.53,0,2,5,7.28,0,1110
1113,2026,10,5,1200,-24.1,149.52,4.52,0,2,5,4.45,0,1113
1114,2026,10,5,1200,-24.64,129.58,4.51,0,2,1,2.13,0,1114
1115,2026,10,5,1200,-25.32,122.94,4.48,0,2,3,3.06,0,1115
1116,2026,10,5,1200,-26.18,122.54,4.45,0,2,1,2.8,0,1116
1117,2026,10,5,1200,-26.72,123.22,4.43,0,2,1,2.51,0,1117
1118,2026,10,5,1200,-27.44,137.28,4.4,0,2,1,3.23,0,1118
1119,2026,10,5,1200,-27.68,136.92,4.39,0,2,1,2.57,0,1119
1120,2026,10,5,1200,-28.02,137.88,4.38,0,2,1,2.32,0,1120
1121,2026,10,5,1200,-28.92,122.34,4.34,0,2,3,2.53,0,1121
1122,2026,10,5,1200,-31.1,118.26,4.24,0,2,3,2.52,0,1122
1123,2026,10,5,1200,-31.1,118.28,4.24,0,2,3,2.52,0,1122
1124,2026,10,5,1200,-31.58,117.4,4.22,0,2,5,3.7,0,1124
1125,2026,10,5,1200,-31.6,117.38,4.22,0,2,3,2.07,0,1124
1126,2026,10,5,1200,-31.6,117.4,4.22,0,2,3,2.07,0,1124
1127,2026,10,5,1200,-32.06,139.26,4.2,0,2,3,3.05,0,1128
1128,2026,10,5,1200,-32.08,139.26,4.2,0,2,3,3.32,0,1128
1129,2026,10,5,1200,-32.26,135.88,4.19,0,2,3,2.42,0,1129
1130,2026,10,5,1200,-32.7,146.8,4.17,0,2,3,1.32,0,1130
1131,2026,10,5,1200,-32.8,146.22,4.17,0,2,3,0.76,0,1131
1132,2026,10,5,1200,-32.84,146.14,4.16,0,2,3,1.11,0,1134
1133,2026,10,5,1200,-32.84,146.16,4.16,0,2,3,1.11,0,1134
1134,2026,10,5,1200,-32.86,146.14,4.16,0,2,3,1.11,0,1134
1135,2026,10,5,1200,-32.86,146.16,4.16,0,2,3,1.11,0,1134
1136,2026,10,5,1200,-33.18,118.36,4.15,0,2,1,3.27,0,1137
1137,2026,10,5,1200,-33.2,118.34,4.15,0,1,1,3.59,0,1137
1138,2026,10,5,1200,-33.2,118.36,4.15,0,2,1,3.27,0,1137
1139,2026,10,5,1200,-33.36,116.22,4.14,0,2,3,2.2,0,1139
1140,2026,10,5,1200,-33.5,118.42,4.13,0,2,1,3.02,0,1140
1141,2026,10,5,1200,-33.5,118.44,4.13,0,2,1,3.02,0,1140
1142,2026,10,5,1200,-33.52,118.4,4.13,0,2,1,2.21,0,1142
1143,2026,10,5,1200,-33.66,145.5,4.13,0,2,3,4.06,0,1143
1144,2026,10,5,1200,-33.86,115.56,4.12,0,2,3,5.21,0,1148
1145,2026,10,5,1200,-33.88,115.54,4.12,0,2,5,5.21,0,1148
1146,2026,10,5,1200,-33.88,115.56,4.12,0,2,3,5.21,0,1148
1147,2026,10,5,1200,-33.9,115.52,4.11,0,2,3,2.84,0,1148
1148,2026,10,5,1200,-33.9,115.54,4.11,0,2,5,7.96,0,1148
1149,2026,10,5,1200,-33.9,115.56,4.11,0,2,3,2.69,0,1148
1150,2026,10,5,1200,-33.9,138.16,4.11,0,1,1,6.89,0,1150
1151,2026,10,5,1200,-33.9,138.18,4.11,0,1,5,6.89,0,1150
1152,2026,10,5,1200,-34.2,138.04,4.1,0,1,1,3.28,0,1152
1153,2026,10,5,1200,-34.22,147.98,4.1,0,2,1,0.55,0,1153
1154,2026,10,5,1200,-34.52,148.54,4.08,0,2,3,3.59,0,1154
1155,2026,10,5,1200,-36.48,146.08,3.99,0,2,3,1.93,0,1155
1156,2026,10,5,1200,-44.02,168.74,3.56,0,2,3,1.37,0,1156
